date,Gold,EURUSD,ETH,BTC,SP500,Oil,USDJPY
2021-04-10 00:00:00,,,2135.942138671875,59793.234375,,,
2021-04-11 00:00:00,,,2157.656982421875,60204.96484375,,,
2021-04-11 23:00:00,,1.1900511980056763,,,,,109.69400024414062
2021-04-12 00:00:00,,,2139.353271484375,59893.453125,,,
2021-04-12 04:00:00,1731.199951171875,,,,4127.990234375,59.70000076293945,
2021-04-12 23:00:00,,1.1914690732955933,,,,,109.3740005493164
2021-04-13 00:00:00,,,2299.187744140625,63503.45703125,,,
2021-04-13 04:00:00,1746.199951171875,,,,4141.58984375,60.18000030517578,
2021-04-13 23:00:00,,1.1954143047332764,,,,,108.92400360107422
2021-04-14 00:00:00,,,2435.10498046875,63109.6953125,,,
2021-04-14 04:00:00,1734.9000244140625,,,,4124.66015625,63.150001525878906,
2021-04-14 23:00:00,,1.1986095905303955,,,,,108.89399719238281
2021-04-15 00:00:00,,,2519.1162109375,63314.01171875,,,
2021-04-15 04:00:00,1765.4000244140625,,,,4170.419921875,63.459999084472656,
2021-04-15 23:00:00,,1.1971746683120728,,,,,108.68900299072266
2021-04-16 00:00:00,,,2431.946533203125,61572.7890625,,,
2021-04-16 04:00:00,1779.0,,,,4185.47021484375,63.130001068115234,
2021-04-17 00:00:00,,,2344.89501953125,60683.8203125,,,
2021-04-18 00:00:00,,,2237.136962890625,56216.18359375,,,
2021-04-18 23:00:00,,1.1969454288482666,,,,,108.71900177001953
2021-04-19 00:00:00,,,2166.188720703125,55724.265625,,,
2021-04-19 04:00:00,1769.4000244140625,,,,4163.259765625,63.380001068115234,
2021-04-19 23:00:00,,1.204529047012329,,,,,108.0979995727539
2021-04-20 00:00:00,,,2330.2109375,56473.03125,,,
2021-04-20 04:00:00,1777.300048828125,,,,4134.93994140625,62.439998626708984,
2021-04-20 23:00:00,,1.2032392024993896,,,,,108.13300323486328
2021-04-21 00:00:00,,,2364.751708984375,53906.08984375,,,
2021-04-21 04:00:00,1792.300048828125,,,,4173.419921875,61.349998474121094,
2021-04-21 23:00:00,,1.2037750482559204,,,,,108.03900146484375
2021-04-22 00:00:00,,,2403.53515625,51762.2734375,,,
2021-04-22 04:00:00,1781.199951171875,,,,4134.97998046875,61.43000030517578,
2021-04-22 23:00:00,,1.2014753818511963,,,,,107.97799682617188
2021-04-23 00:00:00,,,2363.586181640625,51093.65234375,,,
2021-04-23 04:00:00,1777.0,,,,4180.169921875,62.13999938964844,
2021-04-24 00:00:00,,,2211.625732421875,50050.8671875,,,
2021-04-25 00:00:00,,,2316.0595703125,49004.25390625,,,
2021-04-25 23:00:00,,1.2089852094650269,,,,,107.8740005493164
2021-04-26 00:00:00,,,2534.481689453125,54021.75390625,,,
2021-04-26 04:00:00,1779.199951171875,,,,4187.6201171875,61.90999984741211,
2021-04-26 23:00:00,,1.2081671953201294,,,,,108.2020034790039
2021-04-27 00:00:00,,,2662.865234375,55033.1171875,,,
2021-04-27 04:00:00,1778.0,,,,4186.72021484375,62.939998626708984,
2021-04-27 23:00:00,,1.2090305089950562,,,,,108.75
2021-04-28 00:00:00,,,2746.380126953125,54824.703125,,,
2021-04-28 04:00:00,1773.199951171875,,,,4183.18017578125,63.86000061035156,
2021-04-28 23:00:00,,1.213592290878296,,,,,108.50499725341797
2021-04-29 00:00:00,,,2756.876953125,53555.109375,,,
2021-04-29 04:00:00,1768.0999755859375,,,,4211.47021484375,65.01000213623047,
2021-04-29 23:00:00,,1.2127091884613037,,,,,108.90399932861328
2021-04-30 00:00:00,,,2773.20703125,57750.17578125,,,
2021-04-30 04:00:00,1767.300048828125,,,,4181.169921875,63.58000183105469,
2021-05-01 00:00:00,,,2945.892822265625,57828.05078125,,,
2021-05-02 00:00:00,,,2952.05615234375,56631.078125,,,
2021-05-02 23:00:00,,1.2027760744094849,,,,,109.28299713134766
2021-05-03 00:00:00,,,3431.086181640625,57200.29296875,,,
2021-05-03 04:00:00,1791.4000244140625,,,,4192.66015625,64.48999786376953,
2021-05-03 23:00:00,,1.2061271667480469,,,,,109.08699798583984
2021-05-04 00:00:00,,,3253.62939453125,53333.5390625,,,
2021-05-04 04:00:00,1775.800048828125,,,,4164.66015625,65.69000244140625,
2021-05-04 23:00:00,,1.2015043497085571,,,,,109.3290023803711
2021-05-05 00:00:00,,,3522.783203125,57424.0078125,,,
2021-05-05 04:00:00,1784.0999755859375,,,,4167.58984375,65.62999725341797,
2021-05-05 23:00:00,,1.2007973194122314,,,,,109.21900177001953
2021-05-06 00:00:00,,,3490.88037109375,56396.515625,,,
2021-05-06 04:00:00,1815.5,,,,4201.6201171875,64.70999908447266,
2021-05-06 23:00:00,,1.2068549394607544,,,,,109.05000305175781
2021-05-07 00:00:00,,,3484.72900390625,57356.40234375,,,
2021-05-07 04:00:00,1831.0999755859375,,,,4232.60009765625,64.9000015258789,
2021-05-08 00:00:00,,,3902.647705078125,58803.77734375,,,
2021-05-09 00:00:00,,,3928.8447265625,58232.31640625,,,
2021-05-09 23:00:00,,1.2171076536178589,,,,,108.5719985961914
2021-05-10 00:00:00,,,3952.2939453125,55859.796875,,,
2021-05-10 04:00:00,1837.5,,,,4188.43017578125,64.91999816894531,
2021-05-10 23:00:00,,1.2140932083129883,,,,,108.84400177001953
2021-05-11 00:00:00,,,4168.701171875,56704.57421875,,,
2021-05-11 04:00:00,1835.9000244140625,,,,4152.10009765625,65.27999877929688,
2021-05-11 23:00:00,,1.2144500017166138,,,,,108.71499633789062
2021-05-12 00:00:00,,,3785.8486328125,49150.53515625,,,
2021-05-12 04:00:00,1822.5999755859375,,,,4063.0400390625,66.08000183105469,
2021-05-12 23:00:00,,1.2078505754470825,,,,,109.66400146484375
2021-05-13 00:00:00,,,3715.1484375,49716.19140625,,,
2021-05-13 04:00:00,1823.800048828125,,,,4112.5,63.81999969482422,
2021-05-13 23:00:00,,1.207729458808899,,,,,109.51599884033203
2021-05-14 00:00:00,,,4079.057373046875,49880.53515625,,,
2021-05-14 04:00:00,1837.9000244140625,,,,4173.85009765625,65.37000274658203,
2021-05-15 00:00:00,,,3638.1220703125,46760.1875,,,
2021-05-16 00:00:00,,,3587.506103515625,46456.05859375,,,
2021-05-16 23:00:00,,1.2150373458862305,,,,,109.41200256347656
2021-05-17 00:00:00,,,3282.397705078125,43537.51171875,,,
2021-05-17 04:00:00,1867.5,,,,4163.2900390625,66.2699966430664,
2021-05-17 23:00:00,,1.2156872749328613,,,,,109.24199676513672
2021-05-18 00:00:00,,,3380.070068359375,42909.40234375,,,
2021-05-18 04:00:00,1867.800048828125,,,,4127.830078125,65.48999786376953,
2021-05-18 23:00:00,,1.2223997116088867,,,,,108.86799621582031
2021-05-19 00:00:00,,,2460.67919921875,37002.44140625,,,
2021-05-19 04:00:00,1881.300048828125,,,,4115.68017578125,63.36000061035156,
2021-05-19 23:00:00,,1.217285394668579,,,,,109.27300262451172
2021-05-20 00:00:00,,,2784.294189453125,40782.73828125,,,
2021-05-20 04:00:00,1881.800048828125,,,,4159.1201171875,62.04999923706055,
2021-05-20 23:00:00,,1.222538709640503,,,,,108.86000061035156
2021-05-21 00:00:00,,,2430.621337890625,37304.69140625,,,
2021-05-21 04:00:00,1876.699951171875,,,,4155.85986328125,63.58000183105469,
2021-05-22 00:00:00,,,2295.70556640625,37536.6328125,,,
2021-05-23 00:00:00,,,2109.579833984375,34770.58203125,,,
2021-05-23 23:00:00,,1.2183235883712769,,,,,108.91899871826172
2021-05-24 00:00:00,,,2643.591064453125,38705.98046875,,,
2021-05-24 04:00:00,1884.5999755859375,,,,4197.0498046875,66.05000305175781,
2021-05-24 23:00:00,,1.2214635610580444,,,,,108.85099792480469
2021-05-25 00:00:00,,,2706.62890625,38402.22265625,,,
2021-05-25 04:00:00,1898.0999755859375,,,,4188.1298828125,66.06999969482422,
2021-05-25 23:00:00,,1.2249093055725098,,,,,108.802001953125
2021-05-26 00:00:00,,,2888.69873046875,39294.19921875,,,
2021-05-26 04:00:00,1901.300048828125,,,,4195.990234375,66.20999908447266,
2021-05-26 23:00:00,,1.21925950050354,,,,,109.16999816894531
2021-05-27 00:00:00,,,2736.488525390625,38436.96875,,,
2021-05-27 04:00:00,1895.699951171875,,,,4200.8798828125,66.8499984741211,
2021-05-27 23:00:00,,1.2193188667297363,,,,,109.80899810791016
2021-05-28 00:00:00,,,2419.90625,35697.60546875,,,
2021-05-28 04:00:00,1902.5,,,,4204.10986328125,66.31999969482422,
2021-05-29 00:00:00,,,2279.51416015625,34616.06640625,,,
2021-05-30 00:00:00,,,2390.305419921875,35678.12890625,,,
2021-05-30 23:00:00,,1.2190067768096924,,,,,109.90699768066406
2021-05-31 00:00:00,,,2714.9453125,37332.85546875,,,
2021-05-31 23:00:00,,1.223286509513855,,,,,109.49299621582031
2021-06-01 00:00:00,,,2633.518310546875,36684.92578125,,,
2021-06-01 04:00:00,1902.9000244140625,,,,4202.0400390625,67.72000122070312,
2021-06-01 23:00:00,,1.2217769622802734,,,,,109.49299621582031
2021-06-02 00:00:00,,,2706.125,37575.1796875,,,
2021-06-02 04:00:00,1907.5,,,,4208.1201171875,68.83000183105469,
2021-06-02 23:00:00,,1.220986247062683,,,,,109.59500122070312
2021-06-03 00:00:00,,,2855.12646484375,39208.765625,,,
2021-06-03 04:00:00,1871.199951171875,,,,4192.85009765625,68.80999755859375,
2021-06-03 23:00:00,,1.2133007049560547,,,,,110.26599884033203
2021-06-04 00:00:00,,,2688.195068359375,36894.40625,,,
2021-06-04 04:00:00,1889.800048828125,,,,4229.89013671875,69.62000274658203,
2021-06-05 00:00:00,,,2630.576904296875,35551.95703125,,,
2021-06-06 00:00:00,,,2715.0927734375,35862.37890625,,,
2021-06-06 23:00:00,,1.2168411016464233,,,,,109.61699676513672
2021-06-07 00:00:00,,,2590.26318359375,33560.70703125,,,
2021-06-07 04:00:00,1896.800048828125,,,,4226.52001953125,69.2300033569336,
2021-06-07 23:00:00,,1.2193634510040283,,,,,109.27400207519531
2021-06-08 00:00:00,,,2517.438720703125,33472.6328125,,,
2021-06-08 04:00:00,1892.199951171875,,,,4227.259765625,70.05000305175781,
2021-06-08 23:00:00,,1.217285394668579,,,,,109.46900177001953
2021-06-09 00:00:00,,,2608.26708984375,37345.12109375,,,
2021-06-09 04:00:00,1893.199951171875,,,,4219.5498046875,69.95999908447266,
2021-06-09 23:00:00,,1.218200445175171,,,,,109.61000061035156
2021-06-10 00:00:00,,,2471.5185546875,36702.59765625,,,
2021-06-10 04:00:00,1894.199951171875,,,,4239.18017578125,70.29000091552734,
2021-06-10 23:00:00,,1.2172558307647705,,,,,109.40899658203125
2021-06-11 00:00:00,,,2353.768798828125,37334.3984375,,,
2021-06-11 04:00:00,1877.4000244140625,,,,4247.43994140625,70.91000366210938,
2021-06-12 00:00:00,,,2372.484375,35552.515625,,,
2021-06-13 00:00:00,,,2508.3916015625,39097.859375,,,
2021-06-13 23:00:00,,1.2110203504562378,,,,,109.70899963378906
2021-06-14 00:00:00,,,2537.89111328125,40218.4765625,,,
2021-06-14 04:00:00,1864.0,,,,4255.14990234375,70.87999725341797,
2021-06-14 23:00:00,,1.212224006652832,,,,,110.04100036621094
2021-06-15 00:00:00,,,2610.936767578125,40406.26953125,,,
2021-06-15 04:00:00,1854.5,,,,4246.58984375,72.12000274658203,
2021-06-15 23:00:00,,1.2127091884613037,,,,,110.08399963378906
2021-06-16 00:00:00,,,2367.66357421875,38347.0625,,,
2021-06-16 04:00:00,1859.5,,,,4223.7001953125,72.1500015258789,
2021-06-16 23:00:00,,1.1995586156845093,,,,,110.7699966430664
2021-06-17 00:00:00,,,2372.001953125,38053.50390625,,,
2021-06-17 04:00:00,1773.800048828125,,,,4221.85986328125,71.04000091552734,
2021-06-17 23:00:00,,1.1913414001464844,,,,,110.32499694824219
2021-06-18 00:00:00,,,2231.733154296875,35787.24609375,,,
2021-06-18 04:00:00,1767.9000244140625,,,,4166.4501953125,71.63999938964844,
2021-06-19 00:00:00,,,2178.4990234375,35615.87109375,,,
2021-06-20 00:00:00,,,2246.364501953125,35698.296875,,,
2021-06-20 23:00:00,,1.1873664855957031,,,,,110.20099639892578
2021-06-21 00:00:00,,,1888.447509765625,31676.693359375,,,
2021-06-21 04:00:00,1781.800048828125,,,,4224.7900390625,73.66000366210938,
2021-06-21 23:00:00,,1.1912561655044556,,,,,110.3740005493164
2021-06-22 00:00:00,,,1874.9500732421875,32505.66015625,,,
2021-06-22 04:00:00,1776.300048828125,,,,4246.43994140625,73.05999755859375,
2021-06-22 23:00:00,,1.1936734914779663,,,,,110.65399932861328
2021-06-23 00:00:00,,,1989.736328125,33723.02734375,,,
2021-06-23 04:00:00,1782.300048828125,,,,4241.83984375,73.08000183105469,
2021-06-23 23:00:00,,1.1933174133300781,,,,,111.01200103759766
2021-06-24 00:00:00,,,1988.456298828125,34662.4375,,,
2021-06-24 04:00:00,1775.5999755859375,,,,4266.490234375,73.30000305175781,
2021-06-24 23:00:00,,1.1930327415466309,,,,,110.9209976196289
2021-06-25 00:00:00,,,1813.21728515625,31637.779296875,,,
2021-06-25 04:00:00,1776.5999755859375,,,,4280.7001953125,74.05000305175781,
2021-06-26 00:00:00,,,1829.2392578125,32186.27734375,,,
2021-06-27 00:00:00,,,1978.8946533203125,34649.64453125,,,
2021-06-27 23:00:00,,1.1942152976989746,,,,,110.8219985961914
2021-06-28 00:00:00,,,2079.657470703125,34434.3359375,,,
2021-06-28 04:00:00,1779.5999755859375,,,,4290.60986328125,72.91000366210938,
2021-06-28 23:00:00,,1.1928904056549072,,,,,110.60299682617188
2021-06-29 00:00:00,,,2160.768310546875,35867.77734375,,,
2021-06-29 04:00:00,1762.800048828125,,,,4291.7998046875,72.9800033569336,
2021-06-29 23:00:00,,1.1901928186416626,,,,,110.53500366210938
2021-06-30 00:00:00,,,2274.547607421875,35040.8359375,,,
2021-06-30 04:00:00,1770.800048828125,,,,4297.5,73.47000122070312,
2021-06-30 23:00:00,,1.1856770515441895,,,,,111.1240005493164
2021-07-01 00:00:00,,,2113.60546875,33572.1171875,,,
2021-07-01 04:00:00,1775.9000244140625,,,,4319.93994140625,75.2300033569336,
2021-07-01 23:00:00,,1.1846235990524292,,,,,111.5719985961914
2021-07-02 00:00:00,,,2150.040283203125,33897.046875,,,
2021-07-02 04:00:00,1782.5999755859375,,,,4352.33984375,75.16000366210938,
2021-07-03 00:00:00,,,2226.1142578125,34668.546875,,,
2021-07-04 00:00:00,,,2321.72412109375,35287.78125,,,
2021-07-04 23:00:00,,1.1856207847595215,,,,,111.13500213623047
2021-07-05 00:00:00,,,2198.58251953125,33746.00390625,,,
2021-07-05 23:00:00,,1.186380386352539,,,,,110.91600036621094
2021-07-06 00:00:00,,,2324.679443359375,34235.1953125,,,
2021-07-06 04:00:00,1793.5,,,,4343.5400390625,73.37000274658203,
2021-07-06 23:00:00,,1.1824523210525513,,,,,110.60199737548828
2021-07-07 00:00:00,,,2315.161865234375,33855.328125,,,
2021-07-07 04:00:00,1801.5,,,,4358.1298828125,72.19999694824219,
2021-07-07 23:00:00,,1.17933988571167,,,,,110.63500213623047
2021-07-08 00:00:00,,,2120.0263671875,32877.37109375,,,
2021-07-08 04:00:00,1799.5999755859375,,,,4320.81982421875,72.94000244140625,
2021-07-08 23:00:00,,1.184800386428833,,,,,109.8010025024414
2021-07-09 00:00:00,,,2146.6923828125,33798.01171875,,,
2021-07-09 04:00:00,1810.0,,,,4369.5498046875,74.55999755859375,
2021-07-10 00:00:00,,,2111.403564453125,33520.51953125,,,
2021-07-11 00:00:00,,,2139.664794921875,34240.1875,,,
2021-07-11 23:00:00,,1.187295913696289,,,,,110.21499633789062
2021-07-12 00:00:00,,,2036.7210693359375,33155.84765625,,,
2021-07-12 04:00:00,1805.5,,,,4384.6298828125,74.0999984741211,
2021-07-12 23:00:00,,1.186521053314209,,,,,110.32499694824219
2021-07-13 00:00:00,,,1940.083984375,32702.025390625,,,
2021-07-13 04:00:00,1809.4000244140625,,,,4369.2099609375,75.25,
2021-07-13 23:00:00,,1.1775373220443726,,,,,110.59500122070312
2021-07-14 00:00:00,,,1994.331298828125,32822.34765625,,,
2021-07-14 04:00:00,1824.300048828125,,,,4374.2998046875,73.12999725341797,
2021-07-14 23:00:00,,1.1833338737487793,,,,,109.98400115966797
2021-07-15 00:00:00,,,1911.1756591796875,31780.73046875,,,
2021-07-15 04:00:00,1828.4000244140625,,,,4360.02978515625,71.6500015258789,
2021-07-15 23:00:00,,1.1811814308166504,,,,,109.77799987792969
2021-07-16 00:00:00,,,1880.3829345703125,31421.5390625,,,
2021-07-16 04:00:00,1814.5,,,,4327.16015625,71.80999755859375,
2021-07-17 00:00:00,,,1898.8251953125,31533.068359375,,,
2021-07-18 00:00:00,,,1895.5521240234375,31796.810546875,,,
2021-07-18 23:00:00,,1.1814005374908447,,,,,109.8740005493164
2021-07-19 00:00:00,,,1817.296630859375,30817.83203125,,,
2021-07-19 04:00:00,1808.699951171875,,,,4258.490234375,66.41999816894531,
2021-07-19 23:00:00,,1.1793843507766724,,,,,109.53399658203125
2021-07-20 00:00:00,,,1787.5107421875,29807.34765625,,,
2021-07-20 04:00:00,1810.9000244140625,,,,4323.06005859375,67.41999816894531,
2021-07-20 23:00:00,,1.1784114837646484,,,,,109.91999816894531
2021-07-21 00:00:00,,,1990.9708251953125,32110.693359375,,,
2021-07-21 04:00:00,1802.9000244140625,,,,4358.68994140625,70.30000305175781,
2021-07-21 23:00:00,,1.179273009300232,,,,,110.25499725341797
2021-07-22 00:00:00,,,2025.2027587890625,32313.10546875,,,
2021-07-22 04:00:00,1805.0,,,,4367.47998046875,71.91000366210938,
2021-07-22 23:00:00,,1.1772738695144653,,,,,110.13999938964844
2021-07-23 00:00:00,,,2124.776611328125,33581.55078125,,,
2021-07-23 04:00:00,1801.4000244140625,,,,4411.7900390625,72.06999969482422,
2021-07-24 00:00:00,,,2189.21875,34292.4453125,,,
2021-07-25 00:00:00,,,2191.373779296875,35350.1875,,,
2021-07-25 23:00:00,,1.1773432493209839,,,,,110.54399871826172
2021-07-26 00:00:00,,,2233.36669921875,37337.53515625,,,
2021-07-26 04:00:00,1798.699951171875,,,,4422.2998046875,71.91000366210938,
2021-07-26 23:00:00,,1.1807769536972046,,,,,110.302001953125
2021-07-27 00:00:00,,,2298.33349609375,39406.94140625,,,
2021-07-27 04:00:00,1799.5,,,,4401.4599609375,71.6500015258789,
2021-07-27 23:00:00,,1.1823126077651978,,,,,109.80599975585938
2021-07-28 00:00:00,,,2296.54541015625,39995.90625,,,
2021-07-28 04:00:00,1799.5,,,,4400.64013671875,72.38999938964844,
2021-07-28 23:00:00,,1.1845955848693848,,,,,109.89099884033203
2021-07-29 00:00:00,,,2380.956787109375,40008.421875,,,
2021-07-29 04:00:00,1831.199951171875,,,,4419.14990234375,73.62000274658203,
2021-07-29 23:00:00,,1.1892997026443481,,,,,109.40899658203125
2021-07-30 00:00:00,,,2466.96142578125,42235.546875,,,
2021-07-30 04:00:00,1812.5999755859375,,,,4395.259765625,73.94999694824219,
2021-07-31 00:00:00,,,2536.2099609375,41626.1953125,,,
2021-08-01 00:00:00,,,2561.85205078125,39974.89453125,,,
2021-08-01 23:00:00,,1.186704158782959,,,,,109.70600128173828
2021-08-02 00:00:00,,,2610.1533203125,39201.9453125,,,
2021-08-02 04:00:00,1818.0999755859375,,,,4387.16015625,71.26000213623047,
2021-08-02 23:00:00,,1.1874650716781616,,,,,109.26899719238281
2021-08-03 00:00:00,,,2502.349609375,38152.98046875,,,
2021-08-03 04:00:00,1810.0999755859375,,,,4423.14990234375,70.55999755859375,
2021-08-03 23:00:00,,1.1869436502456665,,,,,108.99099731445312
2021-08-04 00:00:00,,,2724.619873046875,39747.50390625,,,
2021-08-04 04:00:00,1810.5,,,,4402.66015625,68.1500015258789,
2021-08-04 23:00:00,,1.1837401390075684,,,,,109.52899932861328
2021-08-05 00:00:00,,,2827.328857421875,40869.5546875,,,
2021-08-05 04:00:00,1805.0999755859375,,,,4429.10009765625,69.08999633789062,
2021-08-05 23:00:00,,1.1835720539093018,,,,,109.75199890136719
2021-08-06 00:00:00,,,2890.941650390625,42816.5,,,
2021-08-06 04:00:00,1760.0,,,,4436.52001953125,68.27999877929688,
2021-08-07 00:00:00,,,3157.23876953125,44555.80078125,,,
2021-08-08 00:00:00,,,3013.732666015625,43798.1171875,,,
2021-08-08 23:00:00,,1.1749500036239624,,,,,110.25900268554688
2021-08-09 00:00:00,,,3167.856201171875,46365.40234375,,,
2021-08-09 04:00:00,1723.4000244140625,,,,4432.35009765625,66.4800033569336,
2021-08-09 23:00:00,,1.17384672164917,,,,,110.30599975585938
2021-08-10 00:00:00,,,3141.691162109375,45585.03125,,,
2021-08-10 04:00:00,1728.800048828125,,,,4436.75,68.29000091552734,
2021-08-10 23:00:00,,1.172333002090454,,,,,110.5979995727539
2021-08-11 00:00:00,,,3164.2451171875,45593.63671875,,,
2021-08-11 04:00:00,1750.4000244140625,,,,4442.41015625,69.25,
2021-08-11 23:00:00,,1.1741899251937866,,,,,110.3740005493164
2021-08-12 00:00:00,,,3043.414306640625,44428.2890625,,,
2021-08-12 04:00:00,1749.0,,,,4460.830078125,69.08999633789062,
2021-08-12 23:00:00,,1.173626184463501,,,,,110.40299987792969
2021-08-13 00:00:00,,,3322.211669921875,47793.3203125,,,
2021-08-13 04:00:00,1775.199951171875,,,,4468.0,68.44000244140625,
2021-08-14 00:00:00,,,3265.443359375,47096.9453125,,,
2021-08-15 00:00:00,,,3310.504150390625,47047.00390625,,,
2021-08-15 23:00:00,,1.179467797279358,,,,,109.6240005493164
2021-08-16 00:00:00,,,3156.509521484375,46004.484375,,,
2021-08-16 04:00:00,1786.9000244140625,,,,4479.7099609375,67.29000091552734,
2021-08-16 23:00:00,,1.177994966506958,,,,,109.2969970703125
2021-08-17 00:00:00,,,3014.845947265625,44695.359375,,,
2021-08-17 04:00:00,1785.0,,,,4448.080078125,66.58999633789062,
2021-08-17 23:00:00,,1.1709738969802856,,,,,109.53700256347656
2021-08-18 00:00:00,,,3020.08984375,44801.1875,,,
2021-08-18 04:00:00,1781.5999755859375,,,,4400.27001953125,65.45999908447266,
2021-08-18 23:00:00,,1.1703298091888428,,,,,109.84200286865234
2021-08-19 00:00:00,,,3182.7021484375,46717.578125,,,
2021-08-19 04:00:00,1780.199951171875,,,,4405.7998046875,63.689998626708984,
2021-08-19 23:00:00,,1.1676595211029053,,,,,109.76799774169922
2021-08-20 00:00:00,,,3286.935302734375,49339.17578125,,,
2021-08-20 04:00:00,1781.0,,,,4441.669921875,62.31999969482422,
2021-08-21 00:00:00,,,3226.083984375,48905.4921875,,,
2021-08-22 00:00:00,,,3242.115478515625,49321.65234375,,,
2021-08-22 23:00:00,,1.1697548627853394,,,,,109.83999633789062
2021-08-23 00:00:00,,,3319.25732421875,49546.1484375,,,
2021-08-23 04:00:00,1803.199951171875,,,,4479.52978515625,65.63999938964844,
2021-08-23 23:00:00,,1.1744533777236938,,,,,109.6780014038086
2021-08-24 00:00:00,,,3172.456298828125,47706.1171875,,,
2021-08-24 04:00:00,1805.5999755859375,,,,4486.22998046875,67.54000091552734,
2021-08-24 23:00:00,,1.175309181213379,,,,,109.7300033569336
2021-08-25 00:00:00,,,3224.915283203125,48960.7890625,,,
2021-08-25 04:00:00,1788.199951171875,,,,4496.18994140625,68.36000061035156,
2021-08-25 23:00:00,,1.1774401664733887,,,,,109.97599792480469
2021-08-26 00:00:00,,,3100.325439453125,46942.21875,,,
2021-08-26 04:00:00,1792.199951171875,,,,4470.0,67.41999816894531,
2021-08-26 23:00:00,,1.1756407022476196,,,,,110.0479965209961
2021-08-27 00:00:00,,,3270.600830078125,49058.66796875,,,
2021-08-27 04:00:00,1816.5999755859375,,,,4509.3701171875,68.73999786376953,
2021-08-28 00:00:00,,,3244.4033203125,48902.40234375,,,
2021-08-29 00:00:00,,,3227.002685546875,48829.83203125,,,
2021-08-29 23:00:00,,1.1799006462097168,,,,,109.86499786376953
2021-08-30 00:00:00,,,3224.374267578125,47054.984375,,,
2021-08-30 04:00:00,1809.0,,,,4528.7900390625,69.20999908447266,
2021-08-30 23:00:00,,1.1796904802322388,,,,,109.94400024414062
2021-08-31 00:00:00,,,3433.732666015625,47166.6875,,,
2021-08-31 04:00:00,1815.0,,,,4522.68017578125,68.5,
2021-08-31 23:00:00,,1.1810280084609985,,,,,110.05599975585938
2021-09-01 00:00:00,,,3834.828125,48847.02734375,,,
2021-09-01 04:00:00,1813.0999755859375,,,,4524.08984375,68.58999633789062,
2021-09-01 23:00:00,,1.1840906143188477,,,,,110.09600067138672
2021-09-02 00:00:00,,,3790.989990234375,49327.72265625,,,
2021-09-02 04:00:00,1808.699951171875,,,,4536.9501953125,69.98999786376953,
2021-09-02 23:00:00,,1.1876484155654907,,,,,109.94499969482422
2021-09-03 00:00:00,,,3940.61474609375,50025.375,,,
2021-09-03 04:00:00,1830.9000244140625,,,,4535.43017578125,69.29000091552734,
2021-09-04 00:00:00,,,3887.828369140625,49944.625,,,
2021-09-05 00:00:00,,,3952.133544921875,51753.41015625,,,
2021-09-05 23:00:00,,1.1885942220687866,,,,,109.76399993896484
2021-09-06 00:00:00,,,3928.37939453125,52633.53515625,,,
2021-09-06 23:00:00,,1.1875073909759521,,,,,109.81999969482422
2021-09-07 00:00:00,,,3426.394287109375,46811.12890625,,,
2021-09-07 04:00:00,1795.9000244140625,,,,4520.02978515625,68.3499984741211,
2021-09-07 23:00:00,,1.184356927871704,,,,,110.2959976196289
2021-09-08 00:00:00,,,3497.315185546875,46091.390625,,,
2021-09-08 04:00:00,1790.699951171875,,,,4514.06982421875,69.30000305175781,
2021-09-08 23:00:00,,1.1819101572036743,,,,,110.21800231933594
2021-09-09 00:00:00,,,3427.340087890625,46391.421875,,,
2021-09-09 04:00:00,1797.4000244140625,,,,4493.27978515625,68.13999938964844,
2021-09-09 23:00:00,,1.1825922727584839,,,,,109.78099822998047
2021-09-10 00:00:00,,,3211.505859375,44883.91015625,,,
2021-09-10 04:00:00,1789.5999755859375,,,,4458.580078125,69.72000122070312,
2021-09-11 00:00:00,,,3270.278076171875,45201.45703125,,,
2021-09-12 00:00:00,,,3410.134521484375,46063.26953125,,,
2021-09-12 23:00:00,,1.1811953783035278,,,,,109.91500091552734
2021-09-13 00:00:00,,,3285.51171875,44963.07421875,,,
2021-09-13 04:00:00,1792.0,,,,4468.72998046875,70.44999694824219,
2021-09-13 23:00:00,,1.1811953783035278,,,,,109.99400329589844
2021-09-14 00:00:00,,,3429.169677734375,47092.4921875,,,
2021-09-14 04:00:00,1804.699951171875,,,,4443.0498046875,70.45999908447266,
2021-09-14 23:00:00,,1.1804981231689453,,,,,109.71900177001953
2021-09-15 00:00:00,,,3615.28271484375,48176.34765625,,,
2021-09-15 04:00:00,1792.4000244140625,,,,4480.7001953125,72.61000061035156,
2021-09-15 23:00:00,,1.1819995641708374,,,,,109.38300323486328
2021-09-16 00:00:00,,,3571.294921875,47783.359375,,,
2021-09-16 04:00:00,1754.5999755859375,,,,4473.75,72.61000061035156,
2021-09-16 23:00:00,,1.176747441291809,,,,,109.6989974975586
2021-09-17 00:00:00,,,3398.538818359375,47267.51953125,,,
2021-09-17 04:00:00,1749.4000244140625,,,,4432.990234375,71.97000122070312,
2021-09-18 00:00:00,,,3432.018310546875,48278.36328125,,,
2021-09-19 00:00:00,,,3329.447998046875,47260.21875,,,
2021-09-19 23:00:00,,1.1729930639266968,,,,,109.97100067138672
2021-09-20 00:00:00,,,2958.993408203125,42843.80078125,,,
2021-09-20 04:00:00,1761.800048828125,,,,4357.72998046875,70.29000091552734,
2021-09-20 23:00:00,,1.1730204820632935,,,,,109.43699645996094
2021-09-21 00:00:00,,,2764.43115234375,40693.67578125,,,
2021-09-21 04:00:00,1776.0,,,,4354.18994140625,70.55999755859375,
2021-09-21 23:00:00,,1.17229163646698,,,,,109.14900207519531
2021-09-22 00:00:00,,,3077.867919921875,43574.5078125,,,
2021-09-22 04:00:00,1776.699951171875,,,,4395.64013671875,72.2300033569336,
2021-09-22 23:00:00,,1.168770432472229,,,,,109.8219985961914
2021-09-23 00:00:00,,,3155.523681640625,44895.09765625,,,
2021-09-23 04:00:00,1747.699951171875,,,,4448.97998046875,73.30000305175781,
2021-09-23 23:00:00,,1.1740258932113647,,,,,110.32599639892578
2021-09-24 00:00:00,,,2931.669189453125,42839.75,,,
2021-09-24 04:00:00,1749.699951171875,,,,4455.47998046875,73.9800033569336,
2021-09-25 00:00:00,,,2925.565673828125,42716.59375,,,
2021-09-26 00:00:00,,,3062.265380859375,43208.5390625,,,
2021-09-26 23:00:00,,1.1723054647445679,,,,,110.76399993896484
2021-09-27 00:00:00,,,2934.138916015625,42235.73046875,,,
2021-09-27 04:00:00,1750.0,,,,4443.10986328125,75.44999694824219,
2021-09-27 23:00:00,,1.1696795225143433,,,,,110.96399688720703
2021-09-28 00:00:00,,,2807.296630859375,41034.54296875,,,
2021-09-28 04:00:00,1735.800048828125,,,,4352.6298828125,75.29000091552734,
2021-09-28 23:00:00,,1.1686338186264038,,,,,111.52799987792969
2021-09-29 00:00:00,,,2853.143310546875,41564.36328125,,,
2021-09-29 04:00:00,1721.5,,,,4359.4599609375,74.83000183105469,
2021-09-29 23:00:00,,1.1601601839065552,,,,,111.93599700927734
2021-09-30 00:00:00,,,3001.678955078125,43790.89453125,,,
2021-09-30 04:00:00,1755.300048828125,,,,4307.5400390625,75.02999877929688,
2021-09-30 23:00:00,,1.1574475765228271,,,,,111.46099853515625
2021-10-01 00:00:00,,,3307.51611328125,48116.94140625,,,
2021-10-01 04:00:00,1757.0,,,,4357.0400390625,75.87999725341797,
2021-10-02 00:00:00,,,3391.6943359375,47711.48828125,,,
2021-10-03 00:00:00,,,3418.358642578125,48199.953125,,,
2021-10-03 23:00:00,,1.160725712776184,,,,,110.9469985961914
2021-10-04 00:00:00,,,3380.089111328125,49112.90234375,,,
2021-10-04 04:00:00,1766.199951171875,,,,4300.4599609375,77.62000274658203,
2021-10-04 23:00:00,,1.1618449687957764,,,,,110.96800231933594
2021-10-05 00:00:00,,,3518.5185546875,51514.8125,,,
2021-10-05 04:00:00,1759.5999755859375,,,,4345.72021484375,78.93000030517578,
2021-10-05 23:00:00,,1.1596084833145142,,,,,111.48699951171875
2021-10-06 00:00:00,,,3580.56201171875,55361.44921875,,,
2021-10-06 04:00:00,1760.5,,,,4363.5498046875,77.43000030517578,
2021-10-06 23:00:00,,1.1555349826812744,,,,,111.41300201416016
2021-10-07 00:00:00,,,3587.974853515625,53805.984375,,,
2021-10-07 04:00:00,1757.9000244140625,,,,4399.759765625,78.30000305175781,
2021-10-07 23:00:00,,1.1559758186340332,,,,,111.66200256347656
2021-10-08 00:00:00,,,3563.75927734375,53967.84765625,,,
2021-10-08 04:00:00,1756.300048828125,,,,4391.33984375,79.3499984741211,
2021-10-09 00:00:00,,,3575.716796875,54968.22265625,,,
2021-10-10 00:00:00,,,3425.852783203125,54771.578125,,,
2021-10-10 23:00:00,,1.1566041707992554,,,,,112.2699966430664
2021-10-11 00:00:00,,,3545.35400390625,57484.7890625,,,
2021-10-11 04:00:00,1754.5999755859375,,,,4361.18994140625,80.5199966430664,
2021-10-11 23:00:00,,1.1553747653961182,,,,,113.38800048828125
2021-10-12 00:00:00,,,3492.5732421875,56041.05859375,,,
2021-10-12 04:00:00,1758.300048828125,,,,4350.64990234375,80.63999938964844,
2021-10-12 23:00:00,,1.15340256690979,,,,,113.51899719238281
2021-10-13 00:00:00,,,3606.20166015625,57401.09765625,,,
2021-10-13 04:00:00,1793.699951171875,,,,4363.7998046875,80.44000244140625,
2021-10-13 23:00:00,,1.1599582433700562,,,,,113.3010025024414
2021-10-14 00:00:00,,,3786.01416015625,57321.5234375,,,
2021-10-14 04:00:00,1796.699951171875,,,,4438.259765625,81.30999755859375,
2021-10-14 23:00:00,,1.159151554107666,,,,,113.83399963378906
2021-10-15 00:00:00,,,3862.634765625,61593.94921875,,,
2021-10-15 04:00:00,1767.199951171875,,,,4471.3701171875,82.27999877929688,
2021-10-16 00:00:00,,,3830.382080078125,60892.1796875,,,
2021-10-17 00:00:00,,,3847.1044921875,61553.6171875,,,
2021-10-17 23:00:00,,1.1597026586532593,,,,,114.3239974975586
2021-10-18 00:00:00,,,3748.76025390625,62026.078125,,,
2021-10-18 04:00:00,1764.800048828125,,,,4486.4599609375,82.44000244140625,
2021-10-18 23:00:00,,1.161386251449585,,,,,114.28500366210938
2021-10-19 00:00:00,,,3877.65087890625,64261.9921875,,,
2021-10-19 04:00:00,1769.699951171875,,,,4519.6298828125,82.95999908447266,
2021-10-19 23:00:00,,1.1631964445114136,,,,,114.54299926757812
2021-10-20 00:00:00,,,4155.9921875,65992.8359375,,,
2021-10-20 04:00:00,1784.0999755859375,,,,4536.18994140625,83.87000274658203,
2021-10-20 23:00:00,,1.1655012369155884,,,,,114.38899993896484
2021-10-21 00:00:00,,,4054.32275390625,62210.171875,,,
2021-10-21 04:00:00,1781.199951171875,,,,4549.77978515625,82.5,
2021-10-21 23:00:00,,1.1625338792800903,,,,,113.8499984741211
2021-10-22 00:00:00,,,3970.181884765625,60692.265625,,,
2021-10-22 04:00:00,1795.5,,,,4544.89990234375,83.76000213623047,
2021-10-23 00:00:00,,,4171.66357421875,61393.6171875,,,
2021-10-24 00:00:00,,,4087.903076171875,60930.8359375,,,
2021-10-24 23:00:00,,1.1640088558197021,,,,,113.66400146484375
2021-10-25 00:00:00,,,4217.876953125,63039.82421875,,,
2021-10-25 04:00:00,1806.0,,,,4566.47998046875,83.76000213623047,
2021-10-25 23:00:00,,1.161170482635498,,,,,113.76499938964844
2021-10-26 00:00:00,,,4131.10205078125,60363.79296875,,,
2021-10-26 04:00:00,1792.699951171875,,,,4574.7900390625,84.6500015258789,
2021-10-26 23:00:00,,1.1598236560821533,,,,,114.18800354003906
2021-10-27 00:00:00,,,3930.25732421875,58482.38671875,,,
2021-10-27 04:00:00,1797.9000244140625,,,,4551.68017578125,82.66000366210938,
2021-10-27 23:00:00,,1.1600120067596436,,,,,113.7760009765625
2021-10-28 00:00:00,,,4287.31884765625,60622.13671875,,,
2021-10-28 04:00:00,1801.5999755859375,,,,4596.419921875,82.80999755859375,
2021-10-28 23:00:00,,1.1683608293533325,,,,,113.61599731445312
2021-10-29 00:00:00,,,4414.74658203125,62227.96484375,,,
2021-10-29 04:00:00,1783.0,,,,4605.3798828125,83.56999969482422,
2021-10-30 00:00:00,,,4325.650390625,61888.83203125,,,
2021-10-31 00:00:00,,,4288.07421875,61318.95703125,,,
2021-11-01 00:00:00,,1.1556684970855713,4324.626953125,61004.40625,,,114.23600006103516
2021-11-01 04:00:00,1795.0999755859375,,,,4613.669921875,84.05000305175781,
2021-11-02 00:00:00,,1.1599582433700562,4584.798828125,63226.40234375,,,114.09400177001953
2021-11-02 04:00:00,1788.699951171875,,,,4630.64990234375,83.91000366210938,
2021-11-03 00:00:00,,1.1579434871673584,4607.19384765625,62970.046875,,,113.96199798583984
2021-11-03 04:00:00,1763.5999755859375,,,,4660.56982421875,80.86000061035156,
2021-11-04 00:00:00,,1.1615750789642334,4537.32421875,61452.23046875,,,114.06999969482422
2021-11-04 04:00:00,1793.0,,,,4680.06005859375,78.80999755859375,
2021-11-05 00:00:00,,1.1555349826812744,4486.2431640625,61125.67578125,,,113.83699798583984
2021-11-05 04:00:00,1816.4000244140625,,,,4697.52978515625,81.2699966430664,
2021-11-06 00:00:00,,,4521.5810546875,61527.48046875,,,
2021-11-07 00:00:00,,,4620.5546875,63326.98828125,,,
2021-11-08 00:00:00,,1.1568851470947266,4812.08740234375,67566.828125,,,113.4749984741211
2021-11-08 05:00:00,1827.4000244140625,,,,4701.7001953125,81.93000030517578,
2021-11-09 00:00:00,,1.159151554107666,4735.06884765625,66971.828125,,,113.25399780273438
2021-11-09 05:00:00,1830.199951171875,,,,4685.25,84.1500015258789,
2021-11-10 00:00:00,,1.1595547199249268,4636.17431640625,64995.23046875,,,112.91200256347656
2021-11-10 05:00:00,1847.5999755859375,,,,4646.7099609375,81.33999633789062,
2021-11-11 00:00:00,,1.148593544960022,4730.38427734375,64949.9609375,,,113.90499877929688
2021-11-11 05:00:00,1863.199951171875,,,,4649.27001953125,81.58999633789062,
2021-11-12 00:00:00,,1.145081877708435,4667.115234375,64155.94140625,,,114.04299926757812
2021-11-12 05:00:00,1867.9000244140625,,,,4682.85009765625,80.79000091552734,
2021-11-13 00:00:00,,,4651.46044921875,64469.52734375,,,
2021-11-14 00:00:00,,,4626.35888671875,65466.83984375,,,
2021-11-15 00:00:00,,1.144164800643921,4557.50390625,63557.87109375,,,113.98100280761719
2021-11-15 05:00:00,1866.0999755859375,,,,4682.7998046875,80.87999725341797,
2021-11-16 00:00:00,,1.1366478204727173,4216.365234375,60161.24609375,,,114.13200378417969
2021-11-16 05:00:00,1853.5999755859375,,,,4700.89990234375,80.76000213623047,
2021-11-17 00:00:00,,1.1321182250976562,4287.59375,60368.01171875,,,114.90399932861328
2021-11-17 05:00:00,1869.699951171875,,,,4688.669921875,78.36000061035156,
2021-11-18 00:00:00,,1.1321182250976562,4000.65087890625,56942.13671875,,,114.19000244140625
2021-11-18 05:00:00,1861.0,,,,4704.5400390625,79.01000213623047,
2021-11-19 00:00:00,,1.1368415355682373,4298.306640625,58119.578125,,,114.28199768066406
2021-11-19 05:00:00,1851.199951171875,,,,4697.9599609375,76.0999984741211,
2021-11-20 00:00:00,,,4409.93115234375,59697.1953125,,,
2021-11-21 00:00:00,,,4269.73291015625,58730.4765625,,,
2021-11-22 00:00:00,,1.1275737285614014,4088.457763671875,56289.2890625,,,114.13800048828125
2021-11-22 05:00:00,1806.0,,,,4682.93994140625,76.75,
2021-11-23 00:00:00,,1.12421452999115,4340.763671875,57569.07421875,,,114.79000091552734
2021-11-23 05:00:00,1783.5,,,,4690.7001953125,78.5,
2021-11-24 00:00:00,,1.1244926452636719,4239.9814453125,56280.42578125,,,115.14099884033203
2021-11-24 05:00:00,1784.0999755859375,,,,4701.4599609375,78.38999938964844,
2021-11-25 00:00:00,,1.1202975511550903,4274.7431640625,57274.6796875,,,115.40799713134766
2021-11-26 00:00:00,,1.1209630966186523,4030.908935546875,53569.765625,,,115.06900024414062
2021-11-26 05:00:00,1785.300048828125,,,,4594.6201171875,68.1500015258789,
2021-11-27 00:00:00,,,4096.912109375,54815.078125,,,
2021-11-28 00:00:00,,,4294.45361328125,57248.45703125,,,
2021-11-29 00:00:00,,1.1293182373046875,4445.10498046875,57806.56640625,,,113.71900177001953
2021-11-29 05:00:00,1782.300048828125,,,,4655.27001953125,69.94999694824219,
2021-11-30 00:00:00,,1.1293437480926514,4631.47900390625,57005.42578125,,,113.80400085449219
2021-11-30 05:00:00,1773.5999755859375,,,,4567.0,66.18000030517578,
2021-12-01 00:00:00,,1.1330289840698242,4586.990234375,57229.828125,,,113.29900360107422
2021-12-01 05:00:00,1781.5999755859375,,,,4513.0400390625,65.56999969482422,
2021-12-02 00:00:00,,1.1319515705108643,4511.30224609375,56477.81640625,,,112.88200378417969
2021-12-02 05:00:00,1760.699951171875,,,,4577.10009765625,66.5,
2021-12-03 00:00:00,,1.1306205987930298,4220.7060546875,53598.24609375,,,113.02200317382812
2021-12-03 05:00:00,1782.0,,,,4538.43017578125,66.26000213623047,
2021-12-04 00:00:00,,,4119.58740234375,49200.703125,,,
2021-12-05 00:00:00,,,4198.32275390625,49368.84765625,,,
2021-12-06 00:00:00,,1.1304799318313599,4358.7373046875,50582.625,,,113.04199981689453
2021-12-06 05:00:00,1777.5,,,,4591.669921875,69.48999786376953,
2021-12-07 00:00:00,,1.128668189048767,4315.0615234375,50700.0859375,,,113.45800018310547
2021-12-07 05:00:00,1782.5999755859375,,,,4686.75,72.05000305175781,
2021-12-08 00:00:00,,1.1276500225067139,4439.35791015625,50504.796875,,,113.5250015258789
2021-12-08 05:00:00,1783.4000244140625,,,,4701.2099609375,72.36000061035156,
2021-12-09 00:00:00,,1.1345586776733398,4119.81591796875,47672.12109375,,,113.68399810791016
2021-12-09 05:00:00,1774.5999755859375,,,,4667.4501953125,70.94000244140625,
2021-12-10 00:00:00,,1.1293309926986694,3908.49609375,47243.3046875,,,113.447998046875
2021-12-10 05:00:00,1782.9000244140625,,,,4712.02001953125,71.66999816894531,
2021-12-11 00:00:00,,,4084.452392578125,49362.5078125,,,
2021-12-12 00:00:00,,,4134.453125,50098.3359375,,,
2021-12-13 00:00:00,,1.131183385848999,3784.226806640625,46737.48046875,,,113.5009994506836
2021-12-13 05:00:00,1786.300048828125,,,,4668.97021484375,71.29000091552734,
2021-12-14 00:00:00,,1.1285407543182373,3745.4404296875,46612.6328125,,,113.5770034790039
2021-12-14 05:00:00,1770.4000244140625,,,,4634.08984375,70.7300033569336,
2021-12-15 00:00:00,,1.1261261701583862,4018.388671875,48896.72265625,,,113.74299621582031
2021-12-15 05:00:00,1762.5999755859375,,,,4709.85009765625,70.87000274658203,
2021-12-16 00:00:00,,1.1290758848190308,3962.4697265625,47665.42578125,,,114.13600158691406
2021-12-16 05:00:00,1796.5999755859375,,,,4668.669921875,72.37999725341797,
2021-12-17 00:00:00,,1.1334141492843628,3879.486572265625,46202.14453125,,,113.66300201416016
2021-12-17 05:00:00,1803.800048828125,,,,4620.64013671875,70.86000061035156,
2021-12-18 00:00:00,,,3960.860107421875,46848.77734375,,,
2021-12-19 00:00:00,,,3922.592529296875,46707.015625,,,
2021-12-20 00:00:00,,1.1243535280227661,3933.844482421875,46880.27734375,,,113.51799774169922
2021-12-20 05:00:00,1793.699951171875,,,,4568.02001953125,68.2300033569336,
2021-12-21 00:00:00,,1.1277517080307007,4020.260009765625,48936.61328125,,,113.66200256347656
2021-12-21 05:00:00,1787.9000244140625,,,,4649.22998046875,71.12000274658203,
2021-12-22 00:00:00,,1.128757357597351,3982.099609375,48628.51171875,,,113.99400329589844
2021-12-22 05:00:00,1801.5999755859375,,,,4696.56005859375,72.76000213623047,
2021-12-23 00:00:00,,1.1328877210617065,4108.015625,50784.5390625,,,114.12100219726562
2021-12-23 05:00:00,1811.199951171875,,,,4725.7900390625,73.79000091552734,
2021-12-24 00:00:00,,1.132733702659607,4047.98291015625,50822.1953125,,,114.45800018310547
2021-12-25 00:00:00,,,4093.281005859375,50429.859375,,,
2021-12-26 00:00:00,,,4067.328125,50809.515625,,,
2021-12-27 00:00:00,,1.1324259042739868,4037.547607421875,50640.41796875,,,114.33300018310547
2021-12-27 05:00:00,1808.0999755859375,,,,4791.18994140625,75.56999969482422,
2021-12-28 00:00:00,,1.1330032348632812,3800.89306640625,47588.85546875,,,114.79199981689453
2021-12-28 05:00:00,1810.199951171875,,,,4786.35009765625,75.9800033569336,
2021-12-29 00:00:00,,1.1314777135849,3628.53173828125,46444.7109375,,,114.77300262451172
2021-12-29 05:00:00,1805.0999755859375,,,,4793.06005859375,76.55999755859375,
2021-12-30 00:00:00,,1.1360150575637817,3713.85205078125,47178.125,,,114.947998046875
2021-12-30 05:00:00,1812.699951171875,,,,4778.72998046875,76.98999786376953,
2021-12-31 00:00:00,,1.132502794265747,3682.6328125,46306.4453125,,,115.06300354003906
2021-12-31 05:00:00,1827.5,,,,4766.18017578125,75.20999908447266,
2022-01-01 00:00:00,,,3769.697021484375,47686.8125,,,
2022-01-02 00:00:00,,,3829.56494140625,47345.21875,,,
2022-01-03 00:00:00,,1.1373459100723267,3761.38037109375,46458.1171875,,,115.14199829101562
2022-01-03 05:00:00,1799.4000244140625,,,,4796.56005859375,76.08000183105469,
2022-01-04 00:00:00,,1.1302244663238525,3794.056640625,45897.57421875,,,115.3280029296875
2022-01-04 05:00:00,1814.0,,,,4793.5400390625,76.98999786376953,
2022-01-05 00:00:00,,1.1283625364303589,3550.386962890625,43569.00390625,,,116.17400360107422
2022-01-05 05:00:00,1824.5999755859375,,,,4700.580078125,77.8499984741211,
2022-01-06 00:00:00,,1.1313496828079224,3418.408203125,43160.9296875,,,116.12799835205078
2022-01-06 05:00:00,1788.699951171875,,,,4696.0498046875,79.45999908447266,
2022-01-07 00:00:00,,1.1296881437301636,3193.21044921875,41557.90234375,,,115.86499786376953
2022-01-07 05:00:00,1797.0,,,,4677.02978515625,78.9000015258789,
2022-01-08 00:00:00,,,3091.97265625,41733.94140625,,,
2022-01-09 00:00:00,,,3157.75146484375,41911.6015625,,,
2022-01-10 00:00:00,,1.1353960037231445,3083.097900390625,41821.26171875,,,115.61799621582031
2022-01-10 05:00:00,1798.4000244140625,,,,4670.2900390625,78.2300033569336,
2022-01-11 00:00:00,,1.1330417394638062,3238.111572265625,42735.85546875,,,115.27799987792969
2022-01-11 05:00:00,1818.5999755859375,,,,4713.06982421875,81.22000122070312,
2022-01-12 00:00:00,,1.1366478204727173,3372.25830078125,43949.1015625,,,115.33100128173828
2022-01-12 05:00:00,1827.199951171875,,,,4726.35009765625,82.63999938964844,
2022-01-13 00:00:00,,1.144164800643921,3248.28857421875,42591.5703125,,,114.67500305175781
2022-01-13 05:00:00,1821.199951171875,,,,4659.02978515625,82.12000274658203,
2022-01-14 00:00:00,,1.1457115411758423,3310.00146484375,43099.69921875,,,114.11799621582031
2022-01-14 05:00:00,1816.5,,,,4662.85009765625,83.81999969482422,
2022-01-15 00:00:00,,,3330.53076171875,43177.3984375,,,
2022-01-16 00:00:00,,,3350.921875,43113.87890625,,,
2022-01-17 00:00:00,,1.1410704851150513,3212.304931640625,42250.55078125,,,114.30599975585938
2022-01-18 00:00:00,,1.1410574913024902,3164.025146484375,42375.6328125,,,114.57099914550781
2022-01-18 05:00:00,1812.300048828125,,,,4577.10986328125,85.43000030517578,
2022-01-19 00:00:00,,1.1329647302627563,3095.825927734375,41744.328125,,,114.55400085449219
2022-01-19 05:00:00,1843.0999755859375,,,,4532.759765625,86.95999908447266,
2022-01-20 00:00:00,,1.1343399286270142,3001.1201171875,40680.41796875,,,114.34700012207031
2022-01-20 05:00:00,1842.5,,,,4482.72998046875,86.9000015258789,
2022-01-21 00:00:00,,1.1313753128051758,2557.931640625,36457.31640625,,,113.99299621582031
2022-01-21 05:00:00,1831.800048828125,,,,4397.93994140625,85.13999938964844,
2022-01-22 00:00:00,,,2405.18115234375,35030.25,,,
2022-01-23 00:00:00,,,2535.0390625,36276.8046875,,,
2022-01-24 00:00:00,,1.1341469287872314,2440.352294921875,36654.328125,,,113.78500366210938
2022-01-24 05:00:00,1841.699951171875,,,,4410.1298828125,83.30999755859375,
2022-01-25 00:00:00,,1.1324130296707153,2455.93505859375,36954.00390625,,,114.01100158691406
2022-01-25 05:00:00,1852.699951171875,,,,4356.4501953125,85.5999984741211,
2022-01-26 00:00:00,,1.130454421043396,2468.0302734375,36852.12109375,,,113.875
2022-01-26 05:00:00,1829.9000244140625,,,,4349.93017578125,87.3499984741211,
2022-01-27 00:00:00,,1.1243535280227661,2423.001220703125,37138.234375,,,114.72100067138672
2022-01-27 05:00:00,1793.300048828125,,,,4326.509765625,86.61000061035156,
2022-01-28 00:00:00,,1.1147029399871826,2547.092041015625,37784.33203125,,,115.35199737548828
2022-01-28 05:00:00,1784.9000244140625,,,,4431.85009765625,86.81999969482422,
2022-01-29 00:00:00,,,2597.084716796875,38138.1796875,,,
2022-01-30 00:00:00,,,2603.466552734375,37917.6015625,,,
2022-01-31 00:00:00,,1.1152374744415283,2688.27880859375,38483.125,,,115.26200103759766
2022-01-31 05:00:00,1795.0,,,,4515.5498046875,88.1500015258789,
2022-02-01 00:00:00,,1.12296462059021,2792.1171875,38743.2734375,,,115.12100219726562
2022-02-01 05:00:00,1800.300048828125,,,,4546.5400390625,88.19999694824219,
2022-02-02 00:00:00,,1.1273956298828125,2682.85400390625,36952.984375,,,114.73600006103516
2022-02-02 05:00:00,1809.199951171875,,,,4589.3798828125,88.26000213623047,
2022-02-03 00:00:00,,1.1299946308135986,2679.16259765625,37154.6015625,,,114.38200378417969
2022-02-03 05:00:00,1803.0,,,,4477.43994140625,90.2699966430664,
2022-02-04 00:00:00,,1.14357590675354,2983.5869140625,41500.875,,,114.95700073242188
2022-02-04 05:00:00,1806.5999755859375,,,,4500.52978515625,92.30999755859375,
2022-02-05 00:00:00,,,3014.648193359375,41441.1640625,,,
2022-02-06 00:00:00,,,3057.47607421875,42412.43359375,,,
2022-02-07 00:00:00,,1.145514726638794,3142.470703125,43840.28515625,,,115.2239990234375
2022-02-07 05:00:00,1820.5999755859375,,,,4483.8701171875,91.31999969482422,
2022-02-08 00:00:00,,1.1442956924438477,3122.608642578125,44118.4453125,,,115.06300354003906
2022-02-08 05:00:00,1826.5999755859375,,,,4521.5400390625,89.36000061035156,
2022-02-09 00:00:00,,1.142126202583313,3239.45703125,44338.796875,,,115.53099822998047
2022-02-09 05:00:00,1835.199951171875,,,,4587.18017578125,89.66000366210938,
2022-02-10 00:00:00,,1.142152190208435,3077.482177734375,43565.11328125,,,115.60199737548828
2022-02-10 05:00:00,1836.199951171875,,,,4504.080078125,89.87999725341797,
2022-02-11 00:00:00,,1.1415525674819946,2927.383544921875,42407.9375,,,116.0469970703125
2022-02-11 05:00:00,1840.800048828125,,,,4418.64013671875,93.0999984741211,
2022-02-12 00:00:00,,,2917.36279296875,42244.46875,,,
2022-02-13 00:00:00,,,2883.46337890625,42197.515625,,,
2022-02-14 00:00:00,,1.1365057229995728,2933.47900390625,42586.91796875,,,115.58399963378906
2022-02-14 05:00:00,1868.0,,,,4401.669921875,95.45999908447266,
2022-02-15 00:00:00,,1.1306334733963013,3179.877197265625,44575.203125,,,115.53600311279297
2022-02-15 05:00:00,1854.800048828125,,,,4471.06982421875,92.06999969482422,
2022-02-16 00:00:00,,1.1356796026229858,3127.830078125,43961.859375,,,115.63500213623047
2022-02-16 05:00:00,1870.199951171875,,,,4475.009765625,93.66000366210938,
2022-02-17 00:00:00,,1.1375269889831543,2881.48193359375,40538.01171875,,,115.38700103759766
2022-02-17 05:00:00,1900.699951171875,,,,4380.259765625,91.76000213623047,
2022-02-18 00:00:00,,1.1366478204727173,2785.7275390625,40030.9765625,,,114.86599731445312
2022-02-18 05:00:00,1898.5999755859375,,,,4348.8701171875,91.06999969482422,
2022-02-19 00:00:00,,,2763.701171875,40122.15625,,,
2022-02-20 00:00:00,,,2628.6484375,38431.37890625,,,
2022-02-21 00:00:00,,1.131721019744873,2573.816162109375,37075.28125,,,114.96099853515625
2022-02-22 00:00:00,,1.1309658288955688,2639.29931640625,38286.02734375,,,114.60900115966797
2022-02-22 05:00:00,1906.0999755859375,,,,4304.759765625,92.3499984741211,
2022-02-23 00:00:00,,1.13291335105896,2590.359619140625,37296.5703125,,,115.09600067138672
2022-02-23 05:00:00,1909.199951171875,,,,4225.5,92.0999984741211,
2022-02-24 00:00:00,,1.1305694580078125,2598.067138671875,38332.609375,,,114.89800262451172
2022-02-24 05:00:00,1925.0999755859375,,,,4288.7001953125,92.80999755859375,
2022-02-25 00:00:00,,1.11906898021698,2764.53564453125,39214.21875,,,115.57099914550781
2022-02-25 05:00:00,1886.5,,,,4384.64990234375,91.58999633789062,
2022-02-26 00:00:00,,,2781.11181640625,39105.1484375,,,
2022-02-27 00:00:00,,,2621.8017578125,37709.78515625,,,
2022-02-28 00:00:00,,1.118105411529541,2919.201171875,43193.234375,,,115.58499908447266
2022-02-28 05:00:00,1899.4000244140625,,,,4373.93994140625,95.72000122070312,
2022-03-01 00:00:00,,1.1215918064117432,2972.485107421875,44354.63671875,,,115.0780029296875
2022-03-01 05:00:00,1942.4000244140625,,,,4306.259765625,103.41000366210938,
2022-03-02 00:00:00,,1.1132758855819702,2950.118408203125,43924.1171875,,,114.83300018310547
2022-03-02 05:00:00,1920.9000244140625,,,,4386.5400390625,110.5999984741211,
2022-03-03 00:00:00,,1.1112345457077026,2834.468994140625,42451.7890625,,,115.51899719238281
2022-03-03 05:00:00,1934.4000244140625,,,,4363.490234375,107.66999816894531,
2022-03-04 00:00:00,,1.1066844463348389,2617.156005859375,39137.60546875,,,115.4739990234375
2022-03-04 05:00:00,1965.0999755859375,,,,4328.8701171875,115.68000030517578,
2022-03-05 00:00:00,,,2664.8310546875,39400.5859375,,,
2022-03-06 00:00:00,,,2555.037353515625,38419.984375,,,
2022-03-07 00:00:00,,1.087453007698059,2497.771240234375,38062.0390625,,,114.94999694824219
2022-03-07 05:00:00,1993.9000244140625,,,,4201.08984375,119.4000015258789,
2022-03-08 00:00:00,,1.0865312814712524,2576.74755859375,38737.26953125,,,115.37300109863281
2022-03-08 05:00:00,2040.0999755859375,,,,4170.7001953125,123.69999694824219,
2022-03-09 00:00:00,,1.0898232460021973,2729.783447265625,41982.92578125,,,115.72200012207031
2022-03-09 05:00:00,1985.9000244140625,,,,4277.8798828125,108.69999694824219,
2022-03-10 00:00:00,,1.107382893562317,2608.048583984375,39437.4609375,,,115.90899658203125
2022-03-10 05:00:00,1998.0999755859375,,,,4259.52001953125,106.0199966430664,
2022-03-11 00:00:00,,1.1013944149017334,2559.56298828125,38794.97265625,,,116.17900085449219
2022-03-11 05:00:00,1982.699951171875,,,,4204.31005859375,109.33000183105469,
2022-03-12 00:00:00,,,2574.754150390625,38904.01171875,,,
2022-03-13 00:00:00,,,2518.944580078125,37849.6640625,,,
2022-03-14 00:00:00,,1.093206763267517,2590.696044921875,39666.75390625,,,117.52899932861328
2022-03-14 04:00:00,1959.5999755859375,,,,4173.10986328125,103.01000213623047,
2022-03-15 00:00:00,,1.0943193435668945,2620.149658203125,39338.78515625,,,118.21800231933594
2022-03-15 04:00:00,1928.5,,,,4262.4501953125,96.44000244140625,
2022-03-16 00:00:00,,1.0969363451004028,2772.0556640625,41143.9296875,,,118.29199981689453
2022-03-16 04:00:00,1908.0,,,,4357.85986328125,95.04000091552734,
2022-03-17 00:00:00,,1.1021955013275146,2814.8544921875,40951.37890625,,,118.87000274658203
2022-03-17 04:00:00,1942.0999755859375,,,,4411.669921875,102.9800033569336,
2022-03-18 00:00:00,,1.1099518537521362,2945.343017578125,41801.15625,,,118.48600006103516
2022-03-18 04:00:00,1928.199951171875,,,,4463.1201171875,104.69999694824219,
2022-03-19 00:00:00,,,2946.257080078125,42190.65234375,,,
2022-03-20 00:00:00,,,2860.459228515625,41247.82421875,,,
2022-03-21 00:00:00,,1.1043134927749634,2897.9765625,41077.99609375,,,119.26300048828125
2022-03-21 04:00:00,1928.5999755859375,,,,4461.18017578125,112.12000274658203,
2022-03-22 00:00:00,,1.101722002029419,2973.131103515625,42358.80859375,,,119.59400177001953
2022-03-22 04:00:00,1920.699951171875,,,,4511.60986328125,111.76000213623047,
2022-03-23 00:00:00,,1.1029735803604126,3031.067138671875,42892.95703125,,,121.33999633789062
2022-03-23 04:00:00,1936.5999755859375,,,,4456.240234375,114.93000030517578,
2022-03-24 00:00:00,,1.1006306409835815,3108.06201171875,43960.93359375,,,121.12699890136719
2022-03-24 04:00:00,1961.5999755859375,,,,4520.16015625,112.33999633789062,
2022-03-25 00:00:00,,1.1009578704833984,3106.67138671875,44348.73046875,,,122.34600067138672
2022-03-25 04:00:00,1953.800048828125,,,,4543.06005859375,113.9000015258789,
2022-03-26 00:00:00,,,3143.178955078125,44500.828125,,,
2022-03-27 00:00:00,,,3291.57763671875,46820.4921875,,,
2022-03-27 23:00:00,,1.098189115524292,,,,,122.2699966430664
2022-03-28 00:00:00,,,3336.634521484375,47128.00390625,,,
2022-03-28 04:00:00,1939.5999755859375,,,,4575.52001953125,105.95999908447266,
2022-03-28 23:00:00,,1.0993843078613281,,,,,123.66000366210938
2022-03-29 00:00:00,,,3401.98779296875,47465.73046875,,,
2022-03-29 04:00:00,1912.0,,,,4631.60009765625,104.23999786376953,
2022-03-29 23:00:00,,1.1091516017913818,,,,,123.125
2022-03-30 00:00:00,,,3385.157958984375,47062.6640625,,,
2022-03-30 04:00:00,1933.5,,,,4602.4501953125,107.81999969482422,
2022-03-30 23:00:00,,1.1161835193634033,,,,,122.02100372314453
2022-03-31 00:00:00,,,3281.642822265625,45538.67578125,,,
2022-03-31 04:00:00,1949.199951171875,,,,4530.41015625,100.27999877929688,
2022-03-31 23:00:00,,1.1072357892990112,,,,,121.75599670410156
2022-04-01 00:00:00,,,3449.55224609375,46281.64453125,,,
2022-04-01 04:00:00,1919.0999755859375,,,,4545.85986328125,99.2699966430664,
2022-04-02 00:00:00,,,3445.059326171875,45868.94921875,,,
2022-04-03 00:00:00,,,3522.83349609375,46453.56640625,,,
2022-04-03 23:00:00,,1.1047282218933105,,,,,122.61000061035156
2022-04-04 00:00:00,,,3521.2412109375,46622.67578125,,,
2022-04-04 04:00:00,1929.199951171875,,,,4582.64013671875,103.27999877929688,
2022-04-04 23:00:00,,1.0975863933563232,,,,,122.80899810791016
2022-04-05 00:00:00,,,3411.79248046875,45555.9921875,,,
2022-04-05 04:00:00,1922.9000244140625,,,,4525.1201171875,101.95999908447266,
2022-04-05 23:00:00,,1.090643286705017,,,,,123.65599822998047
2022-04-06 00:00:00,,,3171.69189453125,43206.73828125,,,
2022-04-06 04:00:00,1918.4000244140625,,,,4481.14990234375,96.2300033569336,
2022-04-06 23:00:00,,1.0898232460021973,,,,,123.7229995727539
2022-04-07 00:00:00,,,3233.274658203125,43503.84765625,,,
2022-04-07 04:00:00,1933.800048828125,,,,4500.2099609375,96.02999877929688,
2022-04-07 23:00:00,,1.0864840745925903,,,,,124.09600067138672
2022-04-08 00:00:00,,,3192.073974609375,42287.6640625,,,
2022-04-08 04:00:00,1941.5999755859375,,,,4488.27978515625,98.26000213623047,
2022-04-09 00:00:00,,,3261.916259765625,42782.13671875,,,
2022-04-10 00:00:00,,,3211.866943359375,42207.671875,,,
2022-04-10 23:00:00,,1.0884946584701538,,,,,124.38500213623047
2022-04-11 00:00:00,,,2981.05224609375,39521.90234375,,,
2022-04-11 04:00:00,1944.300048828125,,,,4412.52978515625,94.29000091552734,
2022-04-11 23:00:00,,1.0877959728240967,,,,,125.47200012207031
2022-04-12 00:00:00,,,3030.37646484375,40127.18359375,,,
2022-04-12 04:00:00,1972.0999755859375,,,,4397.4501953125,100.5999984741211,
2022-04-12 23:00:00,,1.0826143026351929,,,,,125.41600036621094
2022-04-13 00:00:00,,,3118.34423828125,41166.73046875,,,
2022-04-13 04:00:00,1981.0,,,,4446.58984375,104.25,
2022-04-13 23:00:00,,1.089656949043274,,,,,125.37699890136719
2022-04-14 00:00:00,,,3019.909423828125,39935.515625,,,
2022-04-14 04:00:00,1970.9000244140625,,,,4392.58984375,106.94999694824219,
2022-04-14 23:00:00,,1.0820988416671753,,,,,126.17900085449219
2022-04-15 00:00:00,,,3040.91650390625,40553.46484375,,,
2022-04-16 00:00:00,,,3062.310302734375,40424.484375,,,
2022-04-17 00:00:00,,,2993.4033203125,39716.953125,,,
2022-04-17 23:00:00,,1.081525444984436,,,,,126.61799621582031
2022-04-18 00:00:00,,,3057.606689453125,40826.21484375,,,
2022-04-18 04:00:00,1982.9000244140625,,,,4391.68994140625,108.20999908447266,
2022-04-18 23:00:00,,1.0781787633895874,,,,,127.0979995727539
2022-04-19 00:00:00,,,3104.1064453125,41502.75,,,
2022-04-19 04:00:00,1955.699951171875,,,,4462.2099609375,102.55999755859375,
2022-04-19 23:00:00,,1.0794472694396973,,,,,129.33299255371094
2022-04-20 00:00:00,,,3077.745849609375,41374.37890625,,,
2022-04-20 04:00:00,1952.300048828125,,,,4459.4501953125,102.75,
2022-04-20 23:00:00,,1.0849870443344116,,,,,128.01300048828125
2022-04-21 00:00:00,,,2987.480712890625,40527.36328125,,,
2022-04-21 04:00:00,1944.9000244140625,,,,4393.66015625,103.79000091552734,
2022-04-21 23:00:00,,1.0835175514221191,,,,,128.4080047607422
2022-04-22 00:00:00,,,2964.835693359375,39740.3203125,,,
2022-04-22 04:00:00,1931.0,,,,4271.77978515625,102.06999969482422,
2022-04-23 00:00:00,,,2938.114013671875,39486.73046875,,,
2022-04-24 00:00:00,,,2922.732666015625,39469.29296875,,,
2022-04-24 23:00:00,,1.0811045169830322,,,,,128.60499572753906
2022-04-25 00:00:00,,,3009.3935546875,40458.30859375,,,
2022-04-25 04:00:00,1893.199951171875,,,,4296.1201171875,98.54000091552734,
2022-04-25 23:00:00,,1.0714209079742432,,,,,127.74400329589844
2022-04-26 00:00:00,,,2808.29833984375,38117.4609375,,,
2022-04-26 04:00:00,1901.4000244140625,,,,4175.2001953125,101.69999694824219,
2022-04-26 23:00:00,,1.0643619298934937,,,,,127.26599884033203
2022-04-27 00:00:00,,,2888.9296875,39241.12109375,,,
2022-04-27 04:00:00,1885.9000244140625,,,,4183.9599609375,102.0199966430664,
2022-04-27 23:00:00,,1.0555092096328735,,,,,128.3939971923828
2022-04-28 00:00:00,,,2936.94091796875,39773.828125,,,
2022-04-28 04:00:00,1888.699951171875,,,,4287.5,105.36000061035156,
2022-04-28 23:00:00,,1.0504201650619507,,,,,130.81100463867188
2022-04-29 00:00:00,,,2815.601806640625,38609.82421875,,,
2022-04-29 04:00:00,1909.300048828125,,,,4131.93017578125,104.69000244140625,
2022-04-30 00:00:00,,,2730.186767578125,37714.875,,,
2022-05-01 00:00:00,,,2827.756103515625,38469.09375,,,
2022-05-01 23:00:00,,1.0535964965820312,,,,,130.01100158691406
2022-05-02 00:00:00,,,2857.410400390625,38529.328125,,,
2022-05-02 04:00:00,1861.800048828125,,,,4155.3798828125,105.16999816894531,
2022-05-02 23:00:00,,1.0509058237075806,,,,,130.11199951171875
2022-05-03 00:00:00,,,2783.476318359375,37750.453125,,,
2022-05-03 04:00:00,1868.800048828125,,,,4175.47998046875,102.41000366210938,
2022-05-03 23:00:00,,1.0528532266616821,,,,,130.11599731445312
2022-05-04 00:00:00,,,2940.644775390625,39698.37109375,,,
2022-05-04 04:00:00,1867.0,,,,4300.169921875,107.80999755859375,
2022-05-04 23:00:00,,1.0622477531433105,,,,,129.22300720214844
2022-05-05 00:00:00,,,2749.213134765625,36575.140625,,,
2022-05-05 04:00:00,1874.0,,,,4146.8701171875,108.26000213623047,
2022-05-05 23:00:00,,1.0539740324020386,,,,,130.3300018310547
2022-05-06 00:00:00,,,2694.979736328125,36040.921875,,,
2022-05-06 04:00:00,1881.199951171875,,,,4123.33984375,109.7699966430664,
2022-05-07 00:00:00,,,2636.093017578125,35501.953125,,,
2022-05-08 00:00:00,,,2517.4599609375,34059.265625,,,
2022-05-08 23:00:00,,1.053219199180603,,,,,130.74899291992188
2022-05-09 00:00:00,,,2245.430419921875,30296.953125,,,
2022-05-09 04:00:00,1857.0999755859375,,,,3991.239990234375,103.08999633789062,
2022-05-09 23:00:00,,1.056579828262329,,,,,130.3769989013672
2022-05-10 00:00:00,,,2343.510986328125,31022.90625,,,
2022-05-10 04:00:00,1839.9000244140625,,,,4001.050048828125,99.76000213623047,
2022-05-10 23:00:00,,1.0532968044281006,,,,,130.3509979248047
2022-05-11 00:00:00,,,2072.108642578125,28936.35546875,,,
2022-05-11 04:00:00,1852.5999755859375,,,,3935.179931640625,105.70999908447266,
2022-05-11 23:00:00,,1.05124831199646,,,,,129.8350067138672
2022-05-12 00:00:00,,,1961.7015380859375,29047.751953125,,,
2022-05-12 04:00:00,1823.800048828125,,,,3930.080078125,106.12999725341797,
2022-05-12 23:00:00,,1.0379581451416016,,,,,128.58799743652344
2022-05-13 00:00:00,,,2014.418212890625,29283.103515625,,,
2022-05-13 04:00:00,1807.4000244140625,,,,4023.889892578125,110.48999786376953,
2022-05-14 00:00:00,,,2056.27392578125,30101.265625,,,
2022-05-15 00:00:00,,,2145.706787109375,31305.11328125,,,
2022-05-15 23:00:00,,1.0400632619857788,,,,,129.4320068359375
2022-05-16 00:00:00,,,2022.7259521484375,29862.91796875,,,
2022-05-16 04:00:00,1813.5,,,,4008.010009765625,114.19999694824219,
2022-05-16 23:00:00,,1.0438958406448364,,,,,128.92300415039062
2022-05-17 00:00:00,,,2090.4091796875,30425.857421875,,,
2022-05-17 04:00:00,1818.199951171875,,,,4088.85009765625,112.4000015258789,
2022-05-17 23:00:00,,1.0547856092453003,,,,,129.45399475097656
2022-05-18 00:00:00,,,1916.6561279296875,28720.271484375,,,
2022-05-18 04:00:00,1815.9000244140625,,,,3923.679931640625,109.58999633789062,
2022-05-18 23:00:00,,1.0472739934921265,,,,,127.91400146484375
2022-05-19 00:00:00,,,2018.336181640625,30314.333984375,,,
2022-05-19 04:00:00,1841.199951171875,,,,3900.7900390625,112.20999908447266,
2022-05-19 23:00:00,,1.057898759841919,,,,,127.83200073242188
2022-05-20 00:00:00,,,1961.315673828125,29200.740234375,,,
2022-05-20 04:00:00,1841.800048828125,,,,3901.360107421875,113.2300033569336,
2022-05-21 00:00:00,,,1974.518310546875,29432.2265625,,,
2022-05-22 00:00:00,,,2043.170166015625,30323.72265625,,,
2022-05-22 23:00:00,,1.0569819211959839,,,,,127.90299987792969
2022-05-23 00:00:00,,,1972.181884765625,29098.91015625,,,
2022-05-23 04:00:00,1847.800048828125,,,,3973.75,110.29000091552734,
2022-05-23 23:00:00,,1.0682048797607422,,,,,127.84600067138672
2022-05-24 00:00:00,,,1978.9827880859375,29655.5859375,,,
2022-05-24 04:00:00,1865.0999755859375,,,,3941.47998046875,109.7699966430664,
2022-05-24 23:00:00,,1.0736525058746338,,,,,126.76899719238281
2022-05-25 00:00:00,,,1944.827880859375,29562.361328125,,,
2022-05-25 04:00:00,1846.199951171875,,,,3978.72998046875,110.33000183105469,
2022-05-25 23:00:00,,1.0686614513397217,,,,,127.1520004272461
2022-05-26 00:00:00,,,1803.913330078125,29267.224609375,,,
2022-05-26 04:00:00,1847.4000244140625,,,,4057.840087890625,114.08999633789062,
2022-05-26 23:00:00,,1.0732953548431396,,,,,127.04499816894531
2022-05-27 00:00:00,,,1724.9228515625,28627.57421875,,,
2022-05-27 04:00:00,1851.300048828125,,,,4158.240234375,115.06999969482422,
2022-05-28 00:00:00,,,1757.9417724609375,28814.900390625,,,
2022-05-29 00:00:00,,,1812.031005859375,29445.95703125,,,
2022-05-29 23:00:00,,1.0731456279754639,,,,,127.28500366210938
2022-05-30 00:00:00,,,1996.4412841796875,31726.390625,,,
2022-05-30 23:00:00,,1.0773539543151855,,,,,127.78399658203125
2022-05-31 00:00:00,,,1942.3280029296875,31792.310546875,,,
2022-05-31 04:00:00,1842.699951171875,,,,4132.14990234375,114.66999816894531,
2022-05-31 23:00:00,,1.0734105110168457,,,,,128.73599243164062
2022-06-01 00:00:00,,,1823.5693359375,29799.080078125,,,
2022-06-01 04:00:00,1843.300048828125,,,,4101.22998046875,115.26000213623047,
2022-06-01 23:00:00,,1.0654165744781494,,,,,130.1219940185547
2022-06-02 00:00:00,,,1834.1505126953125,30467.48828125,,,
2022-06-02 04:00:00,1866.5,,,,4176.81982421875,116.87000274658203,
2022-06-02 23:00:00,,1.0751069784164429,,,,,129.91799926757812
2022-06-03 00:00:00,,,1775.07861328125,29704.390625,,,
2022-06-03 04:00:00,1845.4000244140625,,,,4108.5400390625,118.87000274658203,
2022-06-04 00:00:00,,,1801.6094970703125,29832.9140625,,,
2022-06-05 00:00:00,,,1805.2049560546875,29906.662109375,,,
2022-06-05 23:00:00,,1.0726046562194824,,,,,130.70700073242188
2022-06-06 00:00:00,,,1859.2896728515625,31370.671875,,,
2022-06-06 04:00:00,1839.199951171875,,,,4121.43017578125,118.5,
2022-06-06 23:00:00,,1.0691413879394531,,,,,132.17599487304688
2022-06-07 00:00:00,,,1814.04833984375,31155.478515625,,,
2022-06-07 04:00:00,1847.5,,,,4160.68017578125,119.41000366210938,
2022-06-07 23:00:00,,1.0698620080947876,,,,,132.8470001220703
2022-06-08 00:00:00,,,1793.572265625,30214.35546875,,,
2022-06-08 04:00:00,1851.9000244140625,,,,4115.77001953125,122.11000061035156,
2022-06-08 23:00:00,,1.071765422821045,,,,,134.42999267578125
2022-06-09 00:00:00,,,1789.8260498046875,30111.998046875,,,
2022-06-09 04:00:00,1848.800048828125,,,,4017.820068359375,121.51000213623047,
2022-06-09 23:00:00,,1.0619205236434937,,,,,134.41799926757812
2022-06-10 00:00:00,,,1665.042236328125,29083.8046875,,,
2022-06-10 04:00:00,1871.5,,,,3900.860107421875,120.66999816894531,
2022-06-11 00:00:00,,,1529.6634521484375,28360.810546875,,,
2022-06-12 00:00:00,,,1445.216552734375,26762.6484375,,,
2022-06-12 23:00:00,,1.0489987134933472,,,,,134.81399536132812
2022-06-13 00:00:00,,,1204.582763671875,22487.388671875,,,
2022-06-13 04:00:00,1828.0,,,,3749.6298828125,120.93000030517578,
2022-06-13 23:00:00,,1.0415147542953491,,,,,134.22500610351562
2022-06-14 00:00:00,,,1211.662841796875,22206.79296875,,,
2022-06-14 04:00:00,1809.5,,,,3735.47998046875,118.93000030517578,
2022-06-14 23:00:00,,1.0440592765808105,,,,,135.29400634765625
2022-06-15 00:00:00,,,1233.2064208984375,22572.83984375,,,
2022-06-15 04:00:00,1815.300048828125,,,,3789.989990234375,115.30999755859375,
2022-06-15 23:00:00,,1.0456204414367676,,,,,134.11500549316406
2022-06-16 00:00:00,,,1067.730712890625,20381.650390625,,,
2022-06-16 04:00:00,1845.699951171875,,,,3666.77001953125,117.58999633789062,
2022-06-16 23:00:00,,1.0546854734420776,,,,,132.42100524902344
2022-06-17 00:00:00,,,1086.519287109375,20471.482421875,,,
2022-06-17 04:00:00,1835.5999755859375,,,,3674.840087890625,109.55999755859375,
2022-06-18 00:00:00,,,993.6367797851562,19017.642578125,,,
2022-06-19 00:00:00,,,1127.656494140625,20553.271484375,,,
2022-06-19 23:00:00,,1.049141764640808,,,,,135.2760009765625
2022-06-20 00:00:00,,,1127.6424560546875,20599.537109375,,,
2022-06-20 23:00:00,,1.0520778894424438,,,,,135.08700561523438
2022-06-21 00:00:00,,,1124.8245849609375,20710.59765625,,,
2022-06-21 04:00:00,1834.5999755859375,,,,3764.7900390625,110.6500015258789,
2022-06-21 23:00:00,,1.053263545036316,,,,,136.2689971923828
2022-06-22 00:00:00,,,1051.421875,19987.029296875,,,
2022-06-22 04:00:00,1834.300048828125,,,,3759.889892578125,106.19000244140625,
2022-06-22 23:00:00,,1.0564124584197998,,,,,136.0240020751953
2022-06-23 00:00:00,,,1143.38671875,21085.876953125,,,
2022-06-23 04:00:00,1825.699951171875,,,,3795.72998046875,104.2699966430664,
2022-06-23 23:00:00,,1.052011489868164,,,,,134.83999633789062
2022-06-24 00:00:00,,,1226.8447265625,21231.65625,,,
2022-06-24 04:00:00,1826.5,,,,3911.739990234375,107.62000274658203,
2022-06-25 00:00:00,,,1243.4468994140625,21502.337890625,,,
2022-06-26 00:00:00,,,1199.8316650390625,21027.294921875,,,
2022-06-26 23:00:00,,1.0566133260726929,,,,,135.06199645996094
2022-06-27 00:00:00,,,1193.6806640625,20735.478515625,,,
2022-06-27 04:00:00,1820.9000244140625,,,,3900.110107421875,109.56999969482422,
2022-06-27 23:00:00,,1.0580891370773315,,,,,135.43499755859375
2022-06-28 00:00:00,,,1144.5792236328125,20280.634765625,,,
2022-06-28 04:00:00,1817.5,,,,3821.550048828125,111.76000213623047,
2022-06-28 23:00:00,,1.0523545742034912,,,,,136.0469970703125
2022-06-29 00:00:00,,,1098.94384765625,20104.0234375,,,
2022-06-29 04:00:00,1813.699951171875,,,,3818.830078125,109.77999877929688,
2022-06-29 23:00:00,,1.04465913772583,,,,,136.58900451660156
2022-06-30 00:00:00,,,1067.298828125,19784.7265625,,,
2022-06-30 04:00:00,1804.0999755859375,,,,3785.3798828125,105.76000213623047,
2022-06-30 23:00:00,,1.0477677583694458,,,,,135.78599548339844
2022-07-01 00:00:00,,,1059.767333984375,19269.3671875,,,
2022-07-01 04:00:00,1798.9000244140625,,,,3825.330078125,108.43000030517578,
2022-07-02 00:00:00,,,1066.5128173828125,19242.255859375,,,
2022-07-03 00:00:00,,,1073.7669677734375,19297.076171875,,,
2022-07-03 23:00:00,,1.0433948040008545,,,,,135.04299926757812
2022-07-04 00:00:00,,,1151.05908203125,20231.26171875,,,
2022-07-04 23:00:00,,1.0433186292648315,,,,,135.83999633789062
2022-07-05 00:00:00,,,1134.541015625,20190.115234375,,,
2022-07-05 04:00:00,1761.800048828125,,,,3831.389892578125,99.5,
2022-07-05 23:00:00,,1.0257673263549805,,,,,135.52099609375
2022-07-06 00:00:00,,,1186.9739990234375,20548.24609375,,,
2022-07-06 04:00:00,1734.9000244140625,,,,3845.080078125,98.52999877929688,
2022-07-06 23:00:00,,1.0186411142349243,,,,,135.96600341796875
2022-07-07 00:00:00,,,1237.5933837890625,21637.587890625,,,
2022-07-07 04:00:00,1737.9000244140625,,,,3902.6201171875,102.7300033569336,
2022-07-07 23:00:00,,1.0169836282730103,,,,,135.91299438476562
2022-07-08 00:00:00,,,1222.5062255859375,21731.1171875,,,
2022-07-08 04:00:00,1740.5999755859375,,,,3899.3798828125,104.79000091552734,
2022-07-09 00:00:00,,,1216.978271484375,21592.20703125,,,
2022-07-10 00:00:00,,,1168.401611328125,20860.44921875,,,
2022-07-10 23:00:00,,1.0166114568710327,,,,,136.30099487304688
2022-07-11 00:00:00,,,1097.236572265625,19970.556640625,,,
2022-07-11 04:00:00,1730.0,,,,3854.429931640625,104.08999633789062,
2022-07-11 23:00:00,,1.004752516746521,,,,,137.38800048828125
2022-07-12 00:00:00,,,1038.191650390625,19323.9140625,,,
2022-07-12 04:00:00,1723.300048828125,,,,3818.800048828125,95.83999633789062,
2022-07-12 23:00:00,,1.0033109188079834,,,,,136.7259979248047
2022-07-13 00:00:00,,,1113.587158203125,20212.07421875,,,
2022-07-13 04:00:00,1734.199951171875,,,,3801.780029296875,96.30000305175781,
2022-07-13 23:00:00,,1.0032706260681152,,,,,137.6280059814453
2022-07-14 00:00:00,,,1191.5262451171875,20569.919921875,,,
2022-07-14 04:00:00,1704.5,,,,3790.3798828125,95.77999877929688,
2022-07-14 23:00:00,,1.0025665760040283,,,,,138.9669952392578
2022-07-15 00:00:00,,,1233.129150390625,20836.328125,,,
2022-07-15 04:00:00,1702.4000244140625,,,,3863.159912109375,97.58999633789062,
2022-07-16 00:00:00,,,1352.62646484375,21190.31640625,,,
2022-07-17 00:00:00,,,1338.6357421875,20779.34375,,,
2022-07-17 23:00:00,,1.009631872177124,,,,,138.31399536132812
2022-07-18 00:00:00,,,1578.7178955078125,22485.689453125,,,
2022-07-18 04:00:00,1709.199951171875,,,,3830.85009765625,102.5999984741211,
2022-07-18 23:00:00,,1.0145177841186523,,,,,138.22900390625
2022-07-19 00:00:00,,,1542.9752197265625,23389.43359375,,,
2022-07-19 04:00:00,1710.0,,,,3936.68994140625,104.22000122070312,
2022-07-19 23:00:00,,1.0231330394744873,,,,,138.1909942626953
2022-07-20 00:00:00,,,1520.20068359375,23231.732421875,,,
2022-07-20 04:00:00,1699.5,,,,3959.89990234375,102.26000213623047,
2022-07-20 23:00:00,,1.0182781219482422,,,,,138.39500427246094
2022-07-21 00:00:00,,,1576.74951171875,23164.62890625,,,
2022-07-21 04:00:00,1712.699951171875,,,,3998.949951171875,96.3499984741211,
2022-07-21 23:00:00,,1.0221081972122192,,,,,137.09800720214844
2022-07-22 00:00:00,,,1537.4051513671875,22714.978515625,,,
2022-07-22 04:00:00,1727.0999755859375,,,,3961.6298828125,94.69999694824219,
2022-07-23 00:00:00,,,1549.2974853515625,22465.478515625,,,
2022-07-24 00:00:00,,,1599.4766845703125,22609.1640625,,,
2022-07-24 23:00:00,,1.0200231075286865,,,,,136.31199645996094
2022-07-25 00:00:00,,,1445.3834228515625,21361.701171875,,,
2022-07-25 04:00:00,1719.0,,,,3966.840087890625,96.69999694824219,
2022-07-25 23:00:00,,1.022494912147522,,,,,136.43099975585938
2022-07-26 00:00:00,,,1441.8067626953125,21239.75390625,,,
2022-07-26 04:00:00,1717.699951171875,,,,3921.050048828125,94.9800033569336,
2022-07-26 23:00:00,,1.0129557847976685,,,,,136.97000122070312
2022-07-27 00:00:00,,,1636.232666015625,22930.548828125,,,
2022-07-27 04:00:00,1719.0999755859375,,,,4023.610107421875,97.26000213623047,
2022-07-27 23:00:00,,1.0209290981292725,,,,,136.11099243164062
2022-07-28 00:00:00,,,1725.4681396484375,23843.88671875,,,
2022-07-28 04:00:00,1750.300048828125,,,,4072.429931640625,96.41999816894531,
2022-07-28 23:00:00,,1.0192328691482544,,,,,134.39700317382812
2022-07-29 00:00:00,,,1727.406982421875,23804.6328125,,,
2022-07-29 04:00:00,1762.9000244140625,,,,4130.2900390625,98.62000274658203,
2022-07-30 00:00:00,,,1695.969482421875,23656.20703125,,,
2022-07-31 00:00:00,,,1681.517333984375,23336.896484375,,,
2022-07-31 23:00:00,,1.0208247900009155,,,,,133.40699768066406
2022-08-01 00:00:00,,,1635.19580078125,23314.19921875,,,
2022-08-01 04:00:00,1769.0,,,,4118.6298828125,93.88999938964844,
2022-08-01 23:00:00,,1.0261356830596924,,,,,131.57200622558594
2022-08-02 00:00:00,,,1632.9454345703125,22978.1171875,,,
2022-08-02 04:00:00,1771.0999755859375,,,,4091.18994140625,94.41999816894531,
2022-08-02 23:00:00,,1.015568733215332,,,,,133.37899780273438
2022-08-03 00:00:00,,,1618.87451171875,22846.5078125,,,
2022-08-03 04:00:00,1758.0,,,,4155.169921875,90.66000366210938,
2022-08-03 23:00:00,,1.015764594078064,,,,,133.96200561523438
2022-08-04 00:00:00,,,1608.205810546875,22630.95703125,,,
2022-08-04 04:00:00,1788.5,,,,4151.93994140625,88.54000091552734,
2022-08-04 23:00:00,,1.024779200553894,,,,,132.62100219726562
2022-08-05 00:00:00,,,1732.254638671875,23289.314453125,,,
2022-08-05 04:00:00,1772.9000244140625,,,,4145.18994140625,89.01000213623047,
2022-08-06 00:00:00,,,1691.6580810546875,22961.279296875,,,
2022-08-07 00:00:00,,,1699.350830078125,23175.890625,,,
2022-08-07 23:00:00,,1.0170871019363403,,,,,135.0570068359375
2022-08-08 00:00:00,,,1775.51611328125,23809.486328125,,,
2022-08-08 04:00:00,1786.800048828125,,,,4140.06005859375,90.76000213623047,
2022-08-08 23:00:00,,1.0197629928588867,,,,,134.83999633789062
2022-08-09 00:00:00,,,1703.0250244140625,23164.318359375,,,
2022-08-09 04:00:00,1794.0,,,,4122.47021484375,90.5,
2022-08-09 23:00:00,,1.0208144187927246,,,,,135.18699645996094
2022-08-10 00:00:00,,,1851.74267578125,23947.642578125,,,
2022-08-10 04:00:00,1795.5999755859375,,,,4210.240234375,91.93000030517578,
2022-08-10 23:00:00,,1.0300782918930054,,,,,132.8300018310547
2022-08-11 00:00:00,,,1881.22412109375,23957.529296875,,,
2022-08-11 04:00:00,1789.699951171875,,,,4207.27001953125,94.33999633789062,
2022-08-11 23:00:00,,1.0316723585128784,,,,,132.99400329589844
2022-08-12 00:00:00,,,1957.2464599609375,24402.818359375,,,
2022-08-12 04:00:00,1798.5999755859375,,,,4280.14990234375,92.08999633789062,
2022-08-13 00:00:00,,,1981.3365478515625,24424.068359375,,,
2022-08-14 00:00:00,,,1936.802001953125,24319.333984375,,,
2022-08-14 23:00:00,,1.0256409645080566,,,,,133.28799438476562
2022-08-15 00:00:00,,,1904.2281494140625,24136.97265625,,,
2022-08-15 04:00:00,1781.4000244140625,,,,4297.14013671875,89.41000366210938,
2022-08-15 23:00:00,,1.0161981582641602,,,,,133.14300537109375
2022-08-16 00:00:00,,,1878.139404296875,23883.291015625,,,
2022-08-16 04:00:00,1773.199951171875,,,,4305.2001953125,86.52999877929688,
2022-08-16 23:00:00,,1.0170663595199585,,,,,134.27699279785156
2022-08-17 00:00:00,,,1832.9996337890625,23335.998046875,,,
2022-08-17 04:00:00,1760.300048828125,,,,4274.0400390625,88.11000061035156,
2022-08-17 23:00:00,,1.0180189609527588,,,,,134.94400024414062
2022-08-18 00:00:00,,,1847.0078125,23212.73828125,,,
2022-08-18 04:00:00,1755.300048828125,,,,4283.740234375,90.5,
2022-08-18 23:00:00,,1.0089900493621826,,,,,135.7949981689453
2022-08-19 00:00:00,,,1612.9873046875,20877.552734375,,,
2022-08-19 04:00:00,1747.5999755859375,,,,4228.47998046875,90.7699966430664,
2022-08-20 00:00:00,,,1577.0037841796875,21166.060546875,,,
2022-08-21 00:00:00,,,1619.3189697265625,21534.12109375,,,
2022-08-21 23:00:00,,1.0035223960876465,,,,,137.04100036621094
2022-08-22 00:00:00,,,1622.505859375,21398.908203125,,,
2022-08-22 04:00:00,1734.0,,,,4137.990234375,90.2300033569336,
2022-08-22 23:00:00,,0.9939467906951904,,,,,137.54600524902344
2022-08-23 00:00:00,,,1662.7698974609375,21528.087890625,,,
2022-08-23 04:00:00,1746.800048828125,,,,4128.72998046875,93.73999786376953,
2022-08-23 23:00:00,,0.9966909885406494,,,,,136.73300170898438
2022-08-24 00:00:00,,,1657.0592041015625,21395.01953125,,,
2022-08-24 04:00:00,1747.800048828125,,,,4140.77001953125,94.88999938964844,
2022-08-24 23:00:00,,0.9969095587730408,,,,,137.08099365234375
2022-08-25 00:00:00,,,1696.45703125,21600.904296875,,,
2022-08-25 04:00:00,1757.699951171875,,,,4199.1201171875,92.5199966430664,
2022-08-25 23:00:00,,0.9971283078193665,,,,,136.56300354003906
2022-08-26 00:00:00,,,1507.7828369140625,20260.01953125,,,
2022-08-26 04:00:00,1736.0999755859375,,,,4057.659912109375,93.05999755859375,
2022-08-27 00:00:00,,,1491.39501953125,20041.73828125,,,
2022-08-28 00:00:00,,,1430.54736328125,19616.814453125,,,
2022-08-28 23:00:00,,0.993867814540863,,,,,137.52000427246094
2022-08-29 00:00:00,,,1553.037353515625,20297.994140625,,,
2022-08-29 04:00:00,1736.5999755859375,,,,4030.610107421875,97.01000213623047,
2022-08-29 23:00:00,,1.0014019012451172,,,,,138.5959930419922
2022-08-30 00:00:00,,,1523.8388671875,19796.80859375,,,
2022-08-30 04:00:00,1723.199951171875,,,,3986.159912109375,91.63999938964844,
2022-08-30 23:00:00,,1.0025062561035156,,,,,138.73399353027344
2022-08-31 00:00:00,,,1553.6849365234375,20049.763671875,,,
2022-08-31 04:00:00,1712.800048828125,,,,3955.0,89.55000305175781,
2022-08-31 23:00:00,,1.003905177116394,,,,,139.29600524902344
2022-09-01 00:00:00,,,1586.1767578125,20127.140625,,,
2022-09-01 04:00:00,1696.5999755859375,,,,3966.85009765625,86.61000061035156,
2022-09-01 23:00:00,,0.995232880115509,,,,,140.08099365234375
2022-09-02 00:00:00,,,1577.220458984375,19969.771484375,,,
2022-09-02 04:00:00,1709.800048828125,,,,3924.260009765625,86.87000274658203,
2022-09-03 00:00:00,,,1556.8726806640625,19832.087890625,,,
2022-09-04 00:00:00,,,1577.6416015625,19986.712890625,,,
2022-09-04 23:00:00,,0.9909427762031555,,,,,140.48699951171875
2022-09-05 00:00:00,,,1617.1832275390625,19812.37109375,,,
2022-09-05 23:00:00,,0.9952229857444763,,,,,140.42999267578125
2022-09-06 00:00:00,,,1561.74853515625,18837.66796875,,,
2022-09-06 04:00:00,1700.4000244140625,,,,3908.18994140625,86.87999725341797,
2022-09-06 23:00:00,,0.9897951483726501,,,,,143.1510009765625
2022-09-07 00:00:00,,,1629.9063720703125,19290.32421875,,,
2022-09-07 04:00:00,1715.300048828125,,,,3979.8701171875,81.94000244140625,
2022-09-07 23:00:00,,0.9995701909065247,,,,,144.1280059814453
2022-09-08 00:00:00,,,1635.34765625,19329.833984375,,,
2022-09-08 04:00:00,1708.0,,,,4006.179931640625,83.54000091552734,
2022-09-08 23:00:00,,1.0012015104293823,,,,,143.8560028076172
2022-09-09 00:00:00,,,1719.08544921875,21381.15234375,,,
2022-09-09 04:00:00,1716.199951171875,,,,4067.360107421875,86.79000091552734,
2022-09-10 00:00:00,,,1776.2037353515625,21680.5390625,,,
2022-09-11 00:00:00,,,1761.800048828125,21769.255859375,,,
2022-09-11 23:00:00,,1.0071406364440918,,,,,142.5959930419922
2022-09-12 00:00:00,,,1713.7652587890625,22370.44921875,,,
2022-09-12 04:00:00,1728.0999755859375,,,,4110.41015625,87.77999877929688,
2022-09-12 23:00:00,,1.0129557847976685,,,,,142.5850067138672
2022-09-13 00:00:00,,,1580.7879638671875,20296.70703125,,,
2022-09-13 04:00:00,1705.0,,,,3932.68994140625,87.30999755859375,
2022-09-13 23:00:00,,0.9982032775878906,,,,,144.4040069580078
2022-09-14 00:00:00,,,1634.7550048828125,20241.08984375,,,
2022-09-14 04:00:00,1696.5,,,,3946.010009765625,88.4800033569336,
2022-09-14 23:00:00,,0.9984025359153748,,,,,142.92300415039062
2022-09-15 00:00:00,,,1471.6934814453125,19701.2109375,,,
2022-09-15 04:00:00,1665.4000244140625,,,,3901.35009765625,85.0999984741211,
2022-09-15 23:00:00,,0.9988313317298889,,,,,143.36500549316406
2022-09-16 00:00:00,,,1432.44775390625,19772.583984375,,,
2022-09-16 04:00:00,1671.699951171875,,,,3873.330078125,85.11000061035156,
2022-09-17 00:00:00,,,1469.74169921875,20127.576171875,,,
2022-09-18 00:00:00,,,1335.3291015625,19419.505859375,,,
2022-09-18 23:00:00,,1.002234935760498,,,,,142.76499938964844
2022-09-19 00:00:00,,,1377.5413818359375,19544.12890625,,,
2022-09-19 04:00:00,1666.199951171875,,,,3899.889892578125,85.7300033569336,
2022-09-19 23:00:00,,1.0029587745666504,,,,,143.22300720214844
2022-09-20 00:00:00,,,1324.38818359375,18890.7890625,,,
2022-09-20 04:00:00,1659.699951171875,,,,3855.929931640625,84.44999694824219,
2022-09-20 23:00:00,,0.997078537940979,,,,,143.6020050048828
2022-09-21 00:00:00,,,1252.6077880859375,18547.400390625,,,
2022-09-21 04:00:00,1664.5999755859375,,,,3789.929931640625,82.94000244140625,
2022-09-21 23:00:00,,0.983071506023407,,,,,144.3159942626953
2022-09-22 00:00:00,,,1327.68017578125,19413.55078125,,,
2022-09-22 04:00:00,1670.800048828125,,,,3757.989990234375,83.48999786376953,
2022-09-22 23:00:00,,0.9841550588607788,,,,,142.27999877929688
2022-09-23 00:00:00,,,1328.259521484375,19297.638671875,,,
2022-09-23 04:00:00,1645.300048828125,,,,3693.22998046875,78.73999786376953,
2022-09-24 00:00:00,,,1317.9932861328125,18937.01171875,,,
2022-09-25 00:00:00,,,1294.216796875,18802.09765625,,,
2022-09-25 23:00:00,,0.968992292881012,,,,,143.51100158691406
2022-09-26 00:00:00,,,1335.3201904296875,19222.671875,,,
2022-09-26 04:00:00,1623.300048828125,,,,3655.0400390625,76.70999908447266,
2022-09-26 23:00:00,,0.9623712301254272,,,,,144.45899963378906
2022-09-27 00:00:00,,,1330.127685546875,19110.546875,,,
2022-09-27 04:00:00,1626.699951171875,,,,3647.2900390625,78.5,
2022-09-27 23:00:00,,0.9596191644668579,,,,,144.6909942626953
2022-09-28 00:00:00,,,1337.410888671875,19426.720703125,,,
2022-09-28 04:00:00,1660.4000244140625,,,,3719.0400390625,82.1500015258789,
2022-09-28 23:00:00,,0.9708172082901001,,,,,144.3979949951172
2022-09-29 00:00:00,,,1335.65234375,19573.05078125,,,
2022-09-29 04:00:00,1658.5,,,,3640.469970703125,81.2300033569336,
2022-09-29 23:00:00,,0.9829555749893188,,,,,144.43099975585938
2022-09-30 00:00:00,,,1327.9786376953125,19431.7890625,,,
2022-09-30 04:00:00,1662.4000244140625,,,,3585.6201171875,79.48999786376953,
2022-10-01 00:00:00,,,1311.6444091796875,19312.095703125,,,
2022-10-02 00:00:00,,,1276.093505859375,19044.107421875,,,
2022-10-02 23:00:00,,0.9792688488960266,,,,,144.8159942626953
2022-10-03 00:00:00,,,1323.439208984375,19623.580078125,,,
2022-10-03 04:00:00,1692.9000244140625,,,,3678.429931640625,83.62999725341797,
2022-10-03 23:00:00,,0.9832068681716919,,,,,144.5189971923828
2022-10-04 00:00:00,,,1362.1265869140625,20336.84375,,,
2022-10-04 04:00:00,1721.0999755859375,,,,3790.929931640625,86.5199966430664,
2022-10-04 23:00:00,,0.998432457447052,,,,,143.78700256347656
2022-10-05 00:00:00,,,1352.837158203125,20160.716796875,,,
2022-10-05 04:00:00,1711.4000244140625,,,,3783.280029296875,87.76000213623047,
2022-10-05 23:00:00,,0.9910998940467834,,,,,144.44900512695312
2022-10-06 00:00:00,,,1351.70947265625,19955.443359375,,,
2022-10-06 04:00:00,1711.699951171875,,,,3744.52001953125,88.44999694824219,
2022-10-06 23:00:00,,0.9789045453071594,,,,,145.03900146484375
2022-10-07 00:00:00,,,1332.5169677734375,19546.849609375,,,
2022-10-07 04:00:00,1700.5,,,,3639.659912109375,92.63999938964844,
2022-10-08 00:00:00,,,1315.50048828125,19416.568359375,,,
2022-10-09 00:00:00,,,1322.604248046875,19446.42578125,,,
2022-10-09 23:00:00,,0.9735012650489807,,,,,145.48199462890625
2022-10-10 00:00:00,,,1291.337646484375,19141.484375,,,
2022-10-10 04:00:00,1667.300048828125,,,,3612.389892578125,91.12999725341797,
2022-10-10 23:00:00,,0.9710057377815247,,,,,145.6739959716797
2022-10-11 00:00:00,,,1279.57568359375,19051.41796875,,,
2022-10-11 04:00:00,1678.699951171875,,,,3588.840087890625,89.3499984741211,
2022-10-11 23:00:00,,0.9700167775154114,,,,,145.8699951171875
2022-10-12 00:00:00,,,1294.9063720703125,19157.4453125,,,
2022-10-12 04:00:00,1670.300048828125,,,,3577.030029296875,87.2699966430664,
2022-10-12 23:00:00,,0.9707984328269958,,,,,146.73699951171875
2022-10-13 00:00:00,,,1288.1239013671875,19382.904296875,,,
2022-10-13 04:00:00,1670.0,,,,3669.909912109375,89.11000061035156,
2022-10-13 23:00:00,,0.975134015083313,,,,,147.29299926757812
2022-10-14 00:00:00,,,1297.422119140625,19185.65625,,,
2022-10-14 04:00:00,1641.699951171875,,,,3583.070068359375,85.61000061035156,
2022-10-15 00:00:00,,,1274.8717041015625,19067.634765625,,,
2022-10-16 00:00:00,,,1306.296630859375,19268.09375,,,
2022-10-16 23:00:00,,0.973937451839447,,,,,148.6320037841797
2022-10-17 00:00:00,,,1331.713623046875,19550.7578125,,,
2022-10-17 04:00:00,1657.0,,,,3677.949951171875,85.45999908447266,
2022-10-17 23:00:00,,0.9846396446228027,,,,,148.9709930419922
2022-10-18 00:00:00,,,1310.447021484375,19334.416015625,,,
2022-10-18 04:00:00,1649.0,,,,3719.97998046875,82.81999969482422,
2022-10-18 23:00:00,,0.9863878488540649,,,,,149.20899963378906
2022-10-19 00:00:00,,,1285.7442626953125,19139.53515625,,,
2022-10-19 04:00:00,1627.5,,,,3695.159912109375,85.55000305175781,
2022-10-19 23:00:00,,0.9766482710838318,,,,,149.8209991455078
2022-10-20 00:00:00,,,1283.200927734375,19053.740234375,,,
2022-10-20 04:00:00,1630.800048828125,,,,3665.780029296875,85.9800033569336,
2022-10-20 23:00:00,,0.9778899550437927,,,,,150.17599487304688
2022-10-21 00:00:00,,,1299.9464111328125,19172.46875,,,
2022-10-21 04:00:00,1651.0,,,,3752.75,85.05000305175781,
2022-10-22 00:00:00,,,1314.2991943359375,19208.189453125,,,
2022-10-23 00:00:00,,,1363.447021484375,19567.0078125,,,
2022-10-23 23:00:00,,0.9860085844993591,,,,,147.81900024414062
2022-10-24 00:00:00,,,1344.99853515625,19345.572265625,,,
2022-10-24 04:00:00,1648.699951171875,,,,3797.340087890625,84.58000183105469,
2022-10-24 23:00:00,,0.9886503219604492,,,,,148.88699340820312
2022-10-25 00:00:00,,,1461.6654052734375,20095.857421875,,,
2022-10-25 04:00:00,1652.800048828125,,,,3859.110107421875,85.31999969482422,
2022-10-25 23:00:00,,0.9963731169700623,,,,,147.97999572753906
2022-10-26 00:00:00,,,1566.566650390625,20770.44140625,,,
2022-10-26 04:00:00,1664.0,,,,3830.60009765625,87.91000366210938,
2022-10-26 23:00:00,,1.009193778038025,,,,,146.13400268554688
2022-10-27 00:00:00,,,1514.3748779296875,20285.8359375,,,
2022-10-27 04:00:00,1660.699951171875,,,,3807.300048828125,89.08000183105469,
2022-10-27 23:00:00,,0.9967803955078125,,,,,146.2740020751953
2022-10-28 00:00:00,,,1555.4779052734375,20595.3515625,,,
2022-10-28 04:00:00,1639.5999755859375,,,,3901.06005859375,87.9000015258789,
2022-10-29 00:00:00,,,1619.698486328125,20818.4765625,,,
2022-10-30 00:00:00,,,1590.7833251953125,20635.603515625,,,
2022-10-31 00:00:00,,0.9955002665519714,1572.7144775390625,20495.7734375,,,147.81199645996094
2022-10-31 04:00:00,1635.9000244140625,,,,3871.97998046875,86.52999877929688,
2022-11-01 00:00:00,,0.9886307716369629,1579.70458984375,20485.2734375,,,148.73699951171875
2022-11-01 04:00:00,1645.0,,,,3856.10009765625,88.37000274658203,
2022-11-02 00:00:00,,0.9877909421920776,1519.7117919921875,20159.50390625,,,147.9149932861328
2022-11-02 04:00:00,1645.699951171875,,,,3759.68994140625,90.0,
2022-11-03 00:00:00,,0.9814409017562866,1531.541748046875,20209.98828125,,,147.89199829101562
2022-11-03 04:00:00,1627.300048828125,,,,3719.889892578125,88.16999816894531,
2022-11-04 00:00:00,,0.9749630093574524,1645.0933837890625,21147.23046875,,,148.39300537109375
2022-11-04 04:00:00,1672.5,,,,3770.550048828125,92.61000061035156,
2022-11-05 00:00:00,,,1627.968017578125,21282.69140625,,,
2022-11-06 00:00:00,,,1572.2347412109375,20926.486328125,,,
2022-11-07 00:00:00,,0.9928810596466064,1568.59130859375,20602.81640625,,,146.84100341796875
2022-11-07 05:00:00,1676.5,,,,3806.800048828125,91.79000091552734,
2022-11-08 00:00:00,,1.0018634796142578,1332.8355712890625,18541.271484375,,,146.62399291992188
2022-11-08 05:00:00,1712.0999755859375,,,,3828.110107421875,88.91000366210938,
2022-11-09 00:00:00,,1.008084774017334,1100.1697998046875,15880.7802734375,,,145.2949981689453
2022-11-09 05:00:00,1710.0999755859375,,,,3748.570068359375,85.83000183105469,
2022-11-10 00:00:00,,1.0019538402557373,1299.464599609375,17586.771484375,,,146.20899963378906
2022-11-10 05:00:00,1750.300048828125,,,,3956.3701171875,86.47000122070312,
2022-11-11 00:00:00,,1.0192224979400635,1287.2210693359375,17034.29296875,,,141.73399353027344
2022-11-11 05:00:00,1766.0,,,,3992.929931640625,88.95999908447266,
2022-11-12 00:00:00,,,1255.268310546875,16799.185546875,,,
2022-11-13 00:00:00,,,1221.8192138671875,16353.365234375,,,
2022-11-14 00:00:00,,1.0328551530838013,1241.604248046875,16618.19921875,,,139.55299377441406
2022-11-14 05:00:00,1773.5999755859375,,,,3957.25,85.87000274658203,
2022-11-15 00:00:00,,1.0319278240203857,1251.7362060546875,16884.61328125,,,140.11500549316406
2022-11-15 05:00:00,1773.800048828125,,,,3991.72998046875,86.91999816894531,
2022-11-16 00:00:00,,1.0357863903045654,1215.6025390625,16669.439453125,,,138.96499633789062
2022-11-16 05:00:00,1773.0,,,,3958.7900390625,85.58999633789062,
2022-11-17 00:00:00,,1.0395010709762573,1200.80859375,16687.517578125,,,139.32200622558594
2022-11-17 05:00:00,1760.800048828125,,,,3946.56005859375,81.63999938964844,
2022-11-18 00:00:00,,1.036172866821289,1212.30029296875,16697.77734375,,,140.41200256347656
2022-11-18 05:00:00,1751.9000244140625,,,,3965.340087890625,80.08000183105469,
2022-11-19 00:00:00,,,1218.4267578125,16711.546875,,,
2022-11-20 00:00:00,,,1142.4666748046875,16291.83203125,,,
2022-11-21 00:00:00,,1.0330898761749268,1108.35302734375,15787.2841796875,,,140.2530059814453
2022-11-21 05:00:00,1737.4000244140625,,,,3949.93994140625,79.7300033569336,
2022-11-22 00:00:00,,1.0245691537857056,1135.1734619140625,16189.76953125,,,142.09800720214844
2022-11-22 05:00:00,1738.300048828125,,,,4003.580078125,80.94999694824219,
2022-11-23 00:00:00,,1.0311086177825928,1183.1995849609375,16610.70703125,,,141.15499877929688
2022-11-23 05:00:00,1744.9000244140625,,,,4027.260009765625,77.94000244140625,
2022-11-24 00:00:00,,1.0416233539581299,1203.983154296875,16604.46484375,,,139.2779998779297
2022-11-25 00:00:00,,1.040810227394104,1198.9259033203125,16521.841796875,,,138.60299682617188
2022-11-25 05:00:00,1753.300048828125,,,,4026.1201171875,76.27999877929688,
2022-11-26 00:00:00,,,1205.89794921875,16464.28125,,,
2022-11-27 00:00:00,,,1195.126953125,16444.626953125,,,
2022-11-28 00:00:00,,1.0367528200149536,1170.086181640625,16217.322265625,,,139.10000610351562
2022-11-28 05:00:00,1740.0999755859375,,,,3963.93994140625,77.23999786376953,
2022-11-29 00:00:00,,1.034554123878479,1216.9012451171875,16444.982421875,,,138.718994140625
2022-11-29 05:00:00,1748.4000244140625,,,,3957.6298828125,78.19999694824219,
2022-11-30 00:00:00,,1.0324499607086182,1295.6885986328125,17168.56640625,,,138.7449951171875
2022-11-30 05:00:00,1746.0,,,,4080.110107421875,80.55000305175781,
2022-12-01 00:00:00,,1.042535424232483,1276.27392578125,16967.1328125,,,137.35899353027344
2022-12-01 05:00:00,1801.0999755859375,,,,4076.570068359375,81.22000122070312,
2022-12-02 00:00:00,,1.052842140197754,1294.3033447265625,17088.66015625,,,135.14999389648438
2022-12-02 05:00:00,1795.9000244140625,,,,4071.699951171875,79.9800033569336,
2022-12-03 00:00:00,,,1243.3348388671875,16908.236328125,,,
2022-12-04 00:00:00,,,1280.256591796875,17130.486328125,,,
2022-12-05 00:00:00,,1.0544185638427734,1259.6767578125,16974.826171875,,,134.47500610351562
2022-12-05 05:00:00,1767.4000244140625,,,,3998.840087890625,76.93000030517578,
2022-12-06 00:00:00,,1.0496923923492432,1271.65380859375,17089.50390625,,,136.65199279785156
2022-12-06 05:00:00,1769.300048828125,,,,3941.260009765625,74.25,
2022-12-07 00:00:00,,1.0469011068344116,1232.4375,16848.126953125,,,136.88600158691406
2022-12-07 05:00:00,1785.5,,,,3933.919921875,72.01000213623047,
2022-12-08 00:00:00,,1.051325798034668,1281.1163330078125,17233.474609375,,,136.38099670410156
2022-12-08 05:00:00,1788.699951171875,,,,3963.510009765625,71.45999908447266,
2022-12-09 00:00:00,,1.0559661388397217,1264.2847900390625,17133.15234375,,,136.61399841308594
2022-12-09 05:00:00,1798.0999755859375,,,,3934.3798828125,71.0199966430664,
2022-12-10 00:00:00,,,1266.3841552734375,17128.724609375,,,
2022-12-11 00:00:00,,,1263.8685302734375,17104.193359375,,,
2022-12-12 00:00:00,,1.0522217750549316,1274.6190185546875,17206.4375,,,136.71200561523438
2022-12-12 05:00:00,1780.5,,,,3990.56005859375,73.16999816894531,
2022-12-13 00:00:00,,1.0541739463806152,1320.5491943359375,17781.318359375,,,137.50399780273438
2022-12-13 05:00:00,1813.9000244140625,,,,4019.64990234375,75.38999938964844,
2022-12-14 00:00:00,,1.062665343284607,1309.3287353515625,17815.650390625,,,135.58399963378906
2022-12-14 05:00:00,1807.5,,,,3995.320068359375,77.27999877929688,
2022-12-15 00:00:00,,1.0676347017288208,1266.3538818359375,17364.865234375,,,135.34800720214844
2022-12-15 05:00:00,1777.199951171875,,,,3895.75,76.11000061035156,
2022-12-16 00:00:00,,1.064056158065796,1168.2593994140625,16647.484375,,,137.75100708007812
2022-12-16 05:00:00,1790.0,,,,3852.360107421875,74.29000091552734,
2022-12-17 00:00:00,,,1188.1495361328125,16795.091796875,,,
2022-12-18 00:00:00,,,1184.7152099609375,16757.9765625,,,
2022-12-19 00:00:00,,1.05850350856781,1167.60986328125,16439.6796875,,,136.69000244140625
2022-12-19 05:00:00,1787.699951171875,,,,3817.659912109375,75.19000244140625,
2022-12-20 00:00:00,,1.0614584684371948,1217.70361328125,16906.3046875,,,136.9949951171875
2022-12-20 05:00:00,1815.9000244140625,,,,3821.6201171875,76.08999633789062,
2022-12-21 00:00:00,,1.062699317932129,1213.5999755859375,16817.53515625,,,131.89199829101562
2022-12-21 05:00:00,1815.9000244140625,,,,3878.43994140625,78.29000091552734,
2022-12-22 00:00:00,,1.0610079765319824,1218.18212890625,16830.341796875,,,132.3699951171875
2022-12-22 05:00:00,1787.0,,,,3822.389892578125,77.48999786376953,
2022-12-23 00:00:00,,1.060333013534546,1220.159423828125,16796.953125,,,132.35699462890625
2022-12-23 05:00:00,1795.9000244140625,,,,3844.820068359375,79.55999755859375,
2022-12-24 00:00:00,,,1221.1485595703125,16847.755859375,,,
2022-12-25 00:00:00,,,1218.9620361328125,16841.986328125,,,
2022-12-26 00:00:00,,1.0667804479599,1226.974365234375,16919.8046875,,,132.7899932861328
2022-12-27 00:00:00,,1.064022183418274,1212.7916259765625,16717.173828125,,,132.76400756835938
2022-12-27 05:00:00,1814.800048828125,,,,3829.25,79.52999877929688,
2022-12-28 00:00:00,,1.0637166500091553,1189.986083984375,16552.572265625,,,133.48599243164062
2022-12-28 05:00:00,1807.9000244140625,,,,3783.219970703125,78.95999908447266,
2022-12-29 00:00:00,,1.062925100326538,1201.5953369140625,16642.341796875,,,134.03399658203125
2022-12-29 05:00:00,1819.5,,,,3849.280029296875,78.4000015258789,
2022-12-30 00:00:00,,1.066075325012207,1199.2327880859375,16602.5859375,,,132.91600036621094
2022-12-30 05:00:00,1819.699951171875,,,,3839.5,80.26000213623047,
2022-12-31 00:00:00,,,1196.771240234375,16547.49609375,,,
2023-01-01 00:00:00,,,1200.96484375,16625.080078125,,,
2023-01-02 00:00:00,,1.0709733963012695,1214.6566162109375,16688.470703125,,,130.84500122070312
2023-01-03 00:00:00,,1.0677714347839355,1214.77880859375,16679.857421875,,,130.79400634765625
2023-01-03 05:00:00,1839.699951171875,,,,3824.139892578125,76.93000030517578,
2023-01-04 00:00:00,,1.0546854734420776,1256.526611328125,16863.23828125,,,131.2480010986328
2023-01-04 05:00:00,1852.800048828125,,,,3852.969970703125,72.83999633789062,
2023-01-05 00:00:00,,1.0606365203857422,1250.4385986328125,16836.736328125,,,132.24600219726562
2023-01-05 05:00:00,1834.800048828125,,,,3808.10009765625,73.66999816894531,
2023-01-06 00:00:00,,1.0522217750549316,1269.3790283203125,16951.96875,,,133.3070068359375
2023-01-06 05:00:00,1864.199951171875,,,,3895.080078125,73.7699966430664,
2023-01-07 00:00:00,,,1264.2703857421875,16955.078125,,,
2023-01-08 00:00:00,,,1287.3594970703125,17091.14453125,,,
2023-01-09 00:00:00,,1.0656323432922363,1321.5389404296875,17196.5546875,,,131.86199951171875
2023-01-09 05:00:00,1872.699951171875,,,,3892.090087890625,74.62999725341797,
2023-01-10 00:00:00,,1.073318362236023,1336.5860595703125,17446.29296875,,,131.72900390625
2023-01-10 05:00:00,1871.5999755859375,,,,3919.25,75.12000274658203,
2023-01-11 00:00:00,,1.0738946199417114,1387.9327392578125,17934.896484375,,,132.1009979248047
2023-01-11 05:00:00,1874.5999755859375,,,,3969.610107421875,77.41000366210938,
2023-01-12 00:00:00,,1.0766000747680664,1417.9384765625,18869.587890625,,,131.90199279785156
2023-01-12 05:00:00,1895.5,,,,3983.169921875,78.38999938964844,
2023-01-13 00:00:00,,1.0860239267349243,1451.6148681640625,19909.57421875,,,129.1719970703125
2023-01-13 05:00:00,1918.4000244140625,,,,3999.090087890625,79.86000061035156,
2023-01-14 00:00:00,,,1550.7069091796875,20976.298828125,,,
2023-01-15 00:00:00,,,1552.4794921875,20880.798828125,,,
2023-01-16 00:00:00,,1.082461953163147,1576.83349609375,21169.6328125,,,128.0260009765625
2023-01-17 00:00:00,,1.0830129384994507,1567.8460693359375,21161.51953125,,,128.3209991455078
2023-01-17 05:00:00,1907.199951171875,,,,3990.969970703125,80.18000030517578,
2023-01-18 00:00:00,,1.0793308019638062,1515.5069580078125,20688.78125,,,128.281005859375
2023-01-18 05:00:00,1904.4000244140625,,,,3928.860107421875,79.4800033569336,
2023-01-19 00:00:00,,1.0797853469848633,1552.5565185546875,21086.79296875,,,128.53900146484375
2023-01-19 05:00:00,1922.0999755859375,,,,3898.85009765625,80.33000183105469,
2023-01-20 00:00:00,,1.083388328552246,1659.754150390625,22676.552734375,,,128.3699951171875
2023-01-20 05:00:00,1926.4000244140625,,,,3972.610107421875,81.30999755859375,
2023-01-21 00:00:00,,,1627.1181640625,22777.625,,,
2023-01-22 00:00:00,,,1628.382080078125,22720.416015625,,,
2023-01-23 00:00:00,,1.086507797241211,1628.2510986328125,22934.431640625,,,129.35400390625
2023-01-23 05:00:00,1927.0999755859375,,,,4019.81005859375,81.62000274658203,
2023-01-24 00:00:00,,1.0874292850494385,1556.604248046875,22636.46875,,,130.5970001220703
2023-01-24 05:00:00,1933.9000244140625,,,,4016.949951171875,80.12999725341797,
2023-01-25 00:00:00,,1.088814616203308,1611.7110595703125,23117.859375,,,130.23899841308594
2023-01-25 05:00:00,1941.199951171875,,,,4016.219970703125,80.1500015258789,
2023-01-26 00:00:00,,1.0922038555145264,1603.10595703125,23032.77734375,,,129.23699951171875
2023-01-26 05:00:00,1929.0999755859375,,,,4060.429931640625,81.01000213623047,
2023-01-27 00:00:00,,1.0894432067871094,1598.156494140625,23078.728515625,,,129.8000030517578
2023-01-27 05:00:00,1928.5999755859375,,,,4070.56005859375,79.68000030517578,
2023-01-28 00:00:00,,,1572.43505859375,23031.08984375,,,
2023-01-29 00:00:00,,,1646.1556396484375,23774.56640625,,,
2023-01-30 00:00:00,,1.0871455669403076,1567.3265380859375,22840.138671875,,,129.85400390625
2023-01-30 05:00:00,1922.9000244140625,,,,4017.77001953125,77.9000015258789,
2023-01-31 00:00:00,,1.0850694179534912,1586.535400390625,23139.283203125,,,130.47900390625
2023-01-31 05:00:00,1929.5,,,,4076.60009765625,78.87000274658203,
2023-02-01 00:00:00,,1.0860947370529175,1641.792724609375,23723.76953125,,,130.11000061035156
2023-02-01 05:00:00,1927.800048828125,,,,4119.2099609375,76.41000366210938,
2023-02-02 00:00:00,,1.1012852191925049,1643.2415771484375,23471.87109375,,,128.6219940185547
2023-02-02 05:00:00,1916.300048828125,,,,4179.759765625,75.87999725341797,
2023-02-03 00:00:00,,1.0905125141143799,1664.74560546875,23449.322265625,,,128.74600219726562
2023-02-03 05:00:00,1862.9000244140625,,,,4136.47998046875,73.38999938964844,
2023-02-04 00:00:00,,,1667.0592041015625,23331.84765625,,,
2023-02-05 00:00:00,,,1631.6458740234375,22955.666015625,,,
2023-02-06 00:00:00,,1.079086184501648,1616.2470703125,22760.109375,,,132.00900268554688
2023-02-06 05:00:00,1866.199951171875,,,,4111.080078125,74.11000061035156,
2023-02-07 00:00:00,,1.0730764865875244,1672.0035400390625,23264.291015625,,,132.6230010986328
2023-02-07 05:00:00,1871.699951171875,,,,4164.0,77.13999938964844,
2023-02-08 00:00:00,,1.0729728937149048,1650.716796875,22939.3984375,,,131.04200744628906
2023-02-08 05:00:00,1877.4000244140625,,,,4117.85986328125,78.47000122070312,
2023-02-09 00:00:00,,1.0715816020965576,1546.438232421875,21819.0390625,,,131.38699340820312
2023-02-09 05:00:00,1866.199951171875,,,,4081.5,78.05999755859375,
2023-02-10 00:00:00,,1.0742292404174805,1514.869140625,21651.18359375,,,131.5189971923828
2023-02-10 05:00:00,1862.800048828125,,,,4090.4599609375,79.72000122070312,
2023-02-11 00:00:00,,,1539.9267578125,21870.875,,,
2023-02-12 00:00:00,,,1515.03369140625,21788.203125,,,
2023-02-13 00:00:00,,1.0677714347839355,1507.1658935546875,21808.1015625,,,131.55099487304688
2023-02-13 05:00:00,1851.9000244140625,,,,4137.2900390625,80.13999938964844,
2023-02-14 00:00:00,,1.0730419158935547,1556.8751220703125,22220.8046875,,,132.33700561523438
2023-02-14 05:00:00,1854.0,,,,4136.1298828125,79.05999755859375,
2023-02-15 00:00:00,,1.0735719203948975,1673.7459716796875,24307.841796875,,,132.99099731445312
2023-02-15 05:00:00,1834.199951171875,,,,4147.60009765625,78.58999633789062,
2023-02-16 00:00:00,,1.0691757202148438,1640.067626953125,23623.474609375,,,133.9029998779297
2023-02-16 05:00:00,1842.0,,,,4090.409912109375,78.48999786376953,
2023-02-17 00:00:00,,1.0665756464004517,1694.7833251953125,24565.6015625,,,134.07400512695312
2023-02-17 05:00:00,1840.4000244140625,,,,4079.090087890625,76.33999633789062,
2023-02-18 00:00:00,,,1691.8194580078125,24641.27734375,,,
2023-02-19 00:00:00,,,1681.4361572265625,24327.642578125,,,
2023-02-20 00:00:00,,1.0684444904327393,1702.6751708984375,24829.1484375,,,134.3070068359375
2023-02-21 00:00:00,,1.068261981010437,1658.036376953125,24436.353515625,,,134.33599853515625
2023-02-21 05:00:00,1833.0,,,,3997.340087890625,76.16000366210938,
2023-02-22 00:00:00,,1.065200924873352,1643.231689453125,24188.84375,,,134.9759979248047
2023-02-22 05:00:00,1832.0,,,,3991.050048828125,73.94999694824219,
2023-02-23 00:00:00,,1.0605803728103638,1651.0738525390625,23947.4921875,,,134.9320068359375
2023-02-23 05:00:00,1818.0,,,,4012.320068359375,75.38999938964844,
2023-02-24 00:00:00,,1.0598047971725464,1608.3731689453125,23198.126953125,,,134.6280059814453
2023-02-24 05:00:00,1808.800048828125,,,,3970.0400390625,76.31999969482422,
2023-02-25 00:00:00,,,1594.9149169921875,23175.375,,,
2023-02-26 00:00:00,,,1640.817138671875,23561.212890625,,,
2023-02-27 00:00:00,,1.0554758310317993,1634.326416015625,23522.87109375,,,136.39500427246094
2023-02-27 05:00:00,1817.0,,,,3982.239990234375,75.68000030517578,
2023-02-28 00:00:00,,1.0611205101013184,1605.8951416015625,23147.353515625,,,136.31700134277344
2023-02-28 05:00:00,1828.9000244140625,,,,3970.14990234375,77.05000305175781,
2023-03-01 00:00:00,,1.0577309131622314,1663.4337158203125,23646.55078125,,,136.34800720214844
2023-03-01 05:00:00,1837.699951171875,,,,3951.389892578125,77.69000244140625,
2023-03-02 00:00:00,,1.066894292831421,1647.3193359375,23475.466796875,,,136.19400024414062
2023-03-02 05:00:00,1833.5,,,,3981.35009765625,78.16000366210938,
2023-03-03 00:00:00,,1.0599732398986816,1569.1676025390625,22362.6796875,,,136.7050018310547
2023-03-03 05:00:00,1847.699951171875,,,,4045.639892578125,79.68000030517578,
2023-03-04 00:00:00,,,1566.9239501953125,22353.349609375,,,
2023-03-05 00:00:00,,,1564.46875,22435.513671875,,,
2023-03-06 00:00:00,,1.0626201629638672,1567.398681640625,22429.7578125,,,135.86000061035156
2023-03-06 05:00:00,1847.9000244140625,,,,4048.419921875,80.45999908447266,
2023-03-07 00:00:00,,1.0688328742980957,1561.93310546875,22219.76953125,,,135.99899291992188
2023-03-07 05:00:00,1813.9000244140625,,,,3986.3701171875,77.58000183105469,
2023-03-08 00:00:00,,1.05507493019104,1534.0882568359375,21718.080078125,,,137.39100646972656
2023-03-08 05:00:00,1812.699951171875,,,,3992.010009765625,76.66000366210938,
2023-03-09 00:00:00,,1.0549525022506714,1438.6607666015625,20363.021484375,,,137.2259979248047
2023-03-09 05:00:00,1829.300048828125,,,,3918.320068359375,75.72000122070312,
2023-03-10 00:00:00,,1.0584698915481567,1429.1580810546875,20187.244140625,,,136.39500427246094
2023-03-10 05:00:00,1862.0,,,,3861.590087890625,76.68000030517578,
2023-03-11 00:00:00,,,1482.61669921875,20632.41015625,,,
2023-03-12 00:00:00,,,1590.29296875,22163.94921875,,,
2023-03-13 00:00:00,,1.0683646202087402,1680.3089599609375,24197.533203125,,,134.97999572753906
2023-03-13 04:00:00,1911.699951171875,,,,3855.760009765625,74.80000305175781,
2023-03-14 00:00:00,,1.0725010633468628,1703.507080078125,24746.07421875,,,133.11399841308594
2023-03-14 04:00:00,1906.199951171875,,,,3919.2900390625,71.33000183105469,
2023-03-15 00:00:00,,1.0727657079696655,1656.1805419921875,24375.9609375,,,134.39700317382812
2023-03-15 04:00:00,1926.5999755859375,,,,3891.929931640625,67.61000061035156,
2023-03-16 00:00:00,,1.0583354234695435,1677.2154541015625,25052.7890625,,,132.9290008544922
2023-03-16 04:00:00,1919.0,,,,3960.280029296875,68.3499984741211,
2023-03-17 00:00:00,,1.0614134073257446,1792.485107421875,27423.9296875,,,133.3679962158203
2023-03-17 04:00:00,1969.800048828125,,,,3916.639892578125,66.73999786376953,
2023-03-18 00:00:00,,,1761.65966796875,26965.87890625,,,
2023-03-19 00:00:00,,,1785.5765380859375,28038.67578125,,,
2023-03-20 00:00:00,,1.0678855180740356,1735.3212890625,27767.236328125,,,132.28399658203125
2023-03-20 04:00:00,1979.199951171875,,,,3951.570068359375,67.63999938964844,
2023-03-21 00:00:00,,1.071914792060852,1806.7607421875,28175.81640625,,,131.39199829101562
2023-03-21 04:00:00,1938.0,,,,4002.8701171875,69.33000183105469,
2023-03-22 00:00:00,,1.0774236917495728,1737.717041015625,27307.4375,,,132.34800720214844
2023-03-22 04:00:00,1946.800048828125,,,,3936.969970703125,70.9000015258789,
2023-03-23 00:00:00,,1.0870392322540283,1816.4051513671875,28333.97265625,,,131.1790008544922
2023-03-23 04:00:00,1993.800048828125,,,,3948.719970703125,69.95999908447266,
2023-03-24 00:00:00,,1.0835057497024536,1752.0447998046875,27493.28515625,,,130.86500549316406
2023-03-24 04:00:00,1982.0999755859375,,,,3970.989990234375,69.26000213623047,
2023-03-25 00:00:00,,,1743.7647705078125,27494.70703125,,,
2023-03-26 00:00:00,,,1775.6767578125,27994.330078125,,,
2023-03-26 23:00:00,,1.077818512916565,,,,,130.8459930419922
2023-03-27 00:00:00,,,1715.4608154296875,27139.888671875,,,
2023-03-27 04:00:00,1952.4000244140625,,,,3977.530029296875,72.80999755859375,
2023-03-27 23:00:00,,1.0807071924209595,,,,,131.23300170898438
2023-03-28 00:00:00,,,1772.78564453125,27268.130859375,,,
2023-03-28 04:00:00,1972.4000244140625,,,,3971.27001953125,73.19999694824219,
2023-03-28 23:00:00,,1.0839520692825317,,,,,131.04600524902344
2023-03-29 00:00:00,,,1793.0018310546875,28348.44140625,,,
2023-03-29 04:00:00,1966.0999755859375,,,,4027.81005859375,72.97000122070312,
2023-03-29 23:00:00,,1.0843634605407715,,,,,132.5760040283203
2023-03-30 00:00:00,,,1792.7371826171875,28033.5625,,,
2023-03-30 04:00:00,1980.300048828125,,,,4050.830078125,74.37000274658203,
2023-03-30 23:00:00,,1.0904649496078491,,,,,133.2010040283203
2023-03-31 00:00:00,,,1822.0220947265625,28478.484375,,,
2023-03-31 04:00:00,1969.0,,,,4109.31005859375,75.66999816894531,
2023-04-01 00:00:00,,,1813.860595703125,28411.03515625,,,
2023-04-02 00:00:00,,,1795.7081298828125,28199.30859375,,,
2023-04-02 23:00:00,,1.0803335905075073,,,,,133.3470001220703
2023-04-03 00:00:00,,,1810.297119140625,27790.220703125,,,
2023-04-03 04:00:00,1983.9000244140625,,,,4124.509765625,80.41999816894531,
2023-04-03 23:00:00,,1.091226577758789,,,,,132.2989959716797
2023-04-04 00:00:00,,,1871.005126953125,28168.08984375,,,
2023-04-04 04:00:00,2022.199951171875,,,,4100.60009765625,80.70999908447266,
2023-04-04 23:00:00,,1.0960105657577515,,,,,131.48500061035156
2023-04-05 00:00:00,,,1909.114013671875,28177.984375,,,
2023-04-05 04:00:00,2020.9000244140625,,,,4090.3798828125,80.61000061035156,
2023-04-05 23:00:00,,1.090334177017212,,,,,130.9340057373047
2023-04-06 00:00:00,,,1872.922607421875,28044.140625,,,
2023-04-06 04:00:00,2011.9000244140625,,,,4105.02001953125,80.69999694824219,
2023-04-06 23:00:00,,1.0920130014419556,,,,,131.66900634765625
2023-04-07 00:00:00,,,1865.6361083984375,27925.859375,,,
2023-04-08 00:00:00,,,1849.4981689453125,27947.794921875,,,
2023-04-09 00:00:00,,,1859.3878173828125,28333.05078125,,,
2023-04-09 23:00:00,,1.0913575887680054,,,,,132.0970001220703
2023-04-10 00:00:00,,,1911.20751953125,29652.98046875,,,
2023-04-10 04:00:00,1989.0999755859375,,,,4109.10986328125,79.73999786376953,
2023-04-10 23:00:00,,1.086932897567749,,,,,133.468994140625
2023-04-11 00:00:00,,,1892.189697265625,30235.05859375,,,
2023-04-11 04:00:00,2004.800048828125,,,,4108.93994140625,81.52999877929688,
2023-04-11 23:00:00,,1.0917507410049438,,,,,133.593994140625
2023-04-12 00:00:00,,,1920.68212890625,30139.052734375,,,
2023-04-12 04:00:00,2010.9000244140625,,,,4091.949951171875,83.26000213623047,
2023-04-12 23:00:00,,1.0999890565872192,,,,,133.0850067138672
2023-04-13 00:00:00,,,2012.6346435546875,30399.06640625,,,
2023-04-13 04:00:00,2041.300048828125,,,,4146.22021484375,82.16000366210938,
2023-04-13 23:00:00,,1.1054610013961792,,,,,132.48699951171875
2023-04-14 00:00:00,,,2101.635498046875,30485.69921875,,,
2023-04-14 04:00:00,2002.199951171875,,,,4137.64013671875,82.5199966430664,
2023-04-15 00:00:00,,,2092.466796875,30318.49609375,,,
2023-04-16 00:00:00,,,2120.005859375,30315.35546875,,,
2023-04-16 23:00:00,,1.098659634590149,,,,,133.9709930419922
2023-04-17 00:00:00,,,2076.242919921875,29445.044921875,,,
2023-04-17 04:00:00,1994.199951171875,,,,4151.31982421875,80.83000183105469,
2023-04-17 23:00:00,,1.0925379991531372,,,,,134.4250030517578
2023-04-18 00:00:00,,,2104.537353515625,30397.552734375,,,
2023-04-18 04:00:00,2007.4000244140625,,,,4154.8701171875,80.86000061035156,
2023-04-18 23:00:00,,1.0975382328033447,,,,,134.04400634765625
2023-04-19 00:00:00,,,1936.4034423828125,28822.6796875,,,
2023-04-19 04:00:00,1995.199951171875,,,,4154.52001953125,79.16000366210938,
2023-04-19 23:00:00,,1.095218300819397,,,,,134.70399475097656
2023-04-20 00:00:00,,,1943.09765625,28245.98828125,,,
2023-04-20 04:00:00,2007.5999755859375,,,,4129.7900390625,77.29000091552734,
2023-04-20 23:00:00,,1.0970927476882935,,,,,133.99600219726562
2023-04-21 00:00:00,,,1849.9998779296875,27276.91015625,,,
2023-04-21 04:00:00,1979.5,,,,4133.52001953125,77.87000274658203,
2023-04-22 00:00:00,,,1874.2286376953125,27817.5,,,
2023-04-23 00:00:00,,,1862.06201171875,27591.384765625,,,
2023-04-23 23:00:00,,1.0992271900177002,,,,,133.96099853515625
2023-04-24 00:00:00,,,1842.7574462890625,27525.33984375,,,
2023-04-24 04:00:00,1989.0999755859375,,,,4137.0400390625,78.76000213623047,
2023-04-24 23:00:00,,1.1059499979019165,,,,,134.08399963378906
2023-04-25 00:00:00,,,1866.753662109375,28307.59765625,,,
2023-04-25 04:00:00,1994.0,,,,4071.6298828125,77.06999969482422,
2023-04-25 23:00:00,,1.0978394746780396,,,,,133.71099853515625
2023-04-26 00:00:00,,,1866.564208984375,28422.701171875,,,
2023-04-26 04:00:00,1985.699951171875,,,,4055.989990234375,74.30000305175781,
2023-04-26 23:00:00,,1.1047282218933105,,,,,133.46499633789062
2023-04-27 00:00:00,,,1908.786376953125,29473.787109375,,,
2023-04-27 04:00:00,1989.9000244140625,,,,4135.35009765625,74.76000213623047,
2023-04-27 23:00:00,,1.1032048463821411,,,,,133.802001953125
2023-04-28 00:00:00,,,1892.5128173828125,29340.26171875,,,
2023-04-28 04:00:00,1990.0999755859375,,,,4169.47998046875,76.77999877929688,
2023-04-29 00:00:00,,,1908.9169921875,29248.48828125,,,
2023-04-30 00:00:00,,,1876.92431640625,29268.806640625,,,
2023-04-30 23:00:00,,1.1010911464691162,,,,,136.38600158691406
2023-05-01 00:00:00,,,1831.954833984375,28091.568359375,,,
2023-05-01 04:00:00,1983.4000244140625,,,,4167.8701171875,75.66000366210938,
2023-05-01 23:00:00,,1.0969241857528687,,,,,137.52099609375
2023-05-02 00:00:00,,,1870.789306640625,28680.537109375,,,
2023-05-02 04:00:00,2014.300048828125,,,,4119.580078125,71.66000366210938,
2023-05-02 23:00:00,,1.1010911464691162,,,,,136.46600341796875
2023-05-03 00:00:00,,,1904.65185546875,29006.30859375,,,
2023-05-03 04:00:00,2028.5999755859375,,,,4090.75,68.5999984741211,
2023-05-03 23:00:00,,1.1068925857543945,,,,,134.54400634765625
2023-05-04 00:00:00,,,1877.7041015625,28847.7109375,,,
2023-05-04 04:00:00,2048.0,,,,4061.219970703125,68.55999755859375,
2023-05-04 23:00:00,,1.102292776107788,,,,,134.1790008544922
2023-05-05 00:00:00,,,1995.0609130859375,29534.384765625,,,
2023-05-05 04:00:00,2017.4000244140625,,,,4136.25,71.33999633789062,
2023-05-06 00:00:00,,,1900.2218017578125,28904.623046875,,,
2023-05-07 00:00:00,,,1873.076416015625,28454.978515625,,,
2023-05-07 23:00:00,,1.10186767578125,,,,,135.19900512695312
2023-05-08 00:00:00,,,1849.042724609375,27694.2734375,,,
2023-05-08 04:00:00,2026.300048828125,,,,4138.1201171875,73.16000366210938,
2023-05-08 23:00:00,,1.0996140241622925,,,,,135.072998046875
2023-05-09 00:00:00,,,1848.6031494140625,27658.775390625,,,
2023-05-09 04:00:00,2036.199951171875,,,,4119.169921875,73.70999908447266,
2023-05-09 23:00:00,,1.096467137336731,,,,,135.28799438476562
2023-05-10 00:00:00,,,1842.4014892578125,27621.755859375,,,
2023-05-10 04:00:00,2030.5,,,,4137.64013671875,72.55999755859375,
2023-05-10 23:00:00,,1.098406195640564,,,,,134.08700561523438
2023-05-11 00:00:00,,,1796.4906005859375,27000.7890625,,,
2023-05-11 04:00:00,2014.699951171875,,,,4130.6201171875,70.87000274658203,
2023-05-11 23:00:00,,1.0912145376205444,,,,,134.4980010986328
2023-05-12 00:00:00,,,1808.019775390625,26804.990234375,,,
2023-05-12 04:00:00,2014.5,,,,4124.080078125,70.04000091552734,
2023-05-13 00:00:00,,,1796.1148681640625,26784.078125,,,
2023-05-14 00:00:00,,,1800.5009765625,26930.638671875,,,
2023-05-14 23:00:00,,1.0852696895599365,,,,,135.82200622558594
2023-05-15 00:00:00,,,1817.5499267578125,27192.693359375,,,
2023-05-15 04:00:00,2018.0,,,,4136.27978515625,71.11000061035156,
2023-05-15 23:00:00,,1.0873701572418213,,,,,136.0449981689453
2023-05-16 00:00:00,,,1824.1214599609375,27036.650390625,,,
2023-05-16 04:00:00,1988.4000244140625,,,,4109.89990234375,70.86000061035156,
2023-05-16 23:00:00,,1.0865668058395386,,,,,136.42999267578125
2023-05-17 00:00:00,,,1821.859619140625,27398.802734375,,,
2023-05-17 04:00:00,1980.699951171875,,,,4158.77001953125,72.83000183105469,
2023-05-17 23:00:00,,1.0838346481323242,,,,,137.61399841308594
2023-05-18 00:00:00,,,1801.728515625,26832.208984375,,,
2023-05-18 04:00:00,1956.5,,,,4198.0498046875,71.86000061035156,
2023-05-18 23:00:00,,1.0775396823883057,,,,,138.6199951171875
2023-05-19 00:00:00,,,1812.5894775390625,26890.12890625,,,
2023-05-19 04:00:00,1978.699951171875,,,,4191.97998046875,71.55000305175781,
2023-05-20 00:00:00,,,1820.47802734375,27129.5859375,,,
2023-05-21 00:00:00,,,1804.5313720703125,26753.826171875,,,
2023-05-21 23:00:00,,1.0822745561599731,,,,,137.69200134277344
2023-05-22 00:00:00,,,1817.5347900390625,26851.27734375,,,
2023-05-22 04:00:00,1974.800048828125,,,,4192.6298828125,71.98999786376953,
2023-05-22 23:00:00,,1.0811045169830322,,,,,138.6719970703125
2023-05-23 00:00:00,,,1854.380615234375,27225.7265625,,,
2023-05-23 04:00:00,1972.4000244140625,,,,4145.580078125,72.91000366210938,
2023-05-23 23:00:00,,1.076971173286438,,,,,138.59800720214844
2023-05-24 00:00:00,,,1800.0999755859375,26334.818359375,,,
2023-05-24 04:00:00,1962.800048828125,,,,4115.240234375,74.33999633789062,
2023-05-24 23:00:00,,1.0757315158843994,,,,,139.2830047607422
2023-05-25 00:00:00,,,1805.9537353515625,26476.20703125,,,
2023-05-25 04:00:00,1943.0999755859375,,,,4151.27978515625,71.83000183105469,
2023-05-25 23:00:00,,1.0724436044692993,,,,,140.01699829101562
2023-05-26 00:00:00,,,1828.689697265625,26719.291015625,,,
2023-05-26 04:00:00,1944.0999755859375,,,,4205.4501953125,72.66999816894531,
2023-05-27 00:00:00,,,1831.1182861328125,26868.353515625,,,
2023-05-28 00:00:00,,,1910.9141845703125,28085.646484375,,,
2023-05-28 23:00:00,,1.0723055601119995,,,,,140.87100219726562
2023-05-29 00:00:00,,,1893.078125,27745.884765625,,,
2023-05-29 23:00:00,,1.0707669258117676,,,,,140.4409942626953
2023-05-30 00:00:00,,,1901.026611328125,27702.349609375,,,
2023-05-30 04:00:00,1958.0,,,,4205.52001953125,69.45999908447266,
2023-05-30 23:00:00,,1.073306918144226,,,,,139.79200744628906
2023-05-31 00:00:00,,,1874.1304931640625,27219.658203125,,,
2023-05-31 04:00:00,1963.9000244140625,,,,4179.830078125,68.08999633789062,
2023-05-31 23:00:00,,1.0695186853408813,,,,,139.1269989013672
2023-06-01 00:00:00,,,1862.201416015625,26819.97265625,,,
2023-06-01 04:00:00,1978.0,,,,4221.02001953125,70.0999984741211,
2023-06-01 23:00:00,,1.0760787725448608,,,,,138.7480010986328
2023-06-02 00:00:00,,,1907.256591796875,27249.58984375,,,
2023-06-02 04:00:00,1952.4000244140625,,,,4282.3701171875,71.73999786376953,
2023-06-03 00:00:00,,,1892.4124755859375,27075.12890625,,,
2023-06-04 00:00:00,,,1890.5135498046875,27119.06640625,,,
2023-06-04 23:00:00,,1.0698620080947876,,,,,140.20700073242188
2023-06-05 00:00:00,,,1811.828369140625,25760.09765625,,,
2023-06-05 04:00:00,1958.0,,,,4273.7900390625,72.1500015258789,
2023-06-05 23:00:00,,1.0711798667907715,,,,,139.38299560546875
2023-06-06 00:00:00,,,1884.494873046875,27238.783203125,,,
2023-06-06 04:00:00,1965.5,,,,4283.85009765625,71.73999786376953,
2023-06-06 23:00:00,,1.0698047876358032,,,,,139.52699279785156
2023-06-07 00:00:00,,,1832.39599609375,26345.998046875,,,
2023-06-07 04:00:00,1942.699951171875,,,,4267.52001953125,72.52999877929688,
2023-06-07 23:00:00,,1.0707440376281738,,,,,139.8990020751953
2023-06-08 00:00:00,,,1846.3018798828125,26508.216796875,,,
2023-06-08 04:00:00,1963.5999755859375,,,,4293.93017578125,71.29000091552734,
2023-06-08 23:00:00,,1.078271746635437,,,,,138.86300659179688
2023-06-09 00:00:00,,,1840.2252197265625,26480.375,,,
2023-06-09 04:00:00,1962.199951171875,,,,4298.85986328125,70.16999816894531,
2023-06-10 00:00:00,,,1752.384765625,25851.240234375,,,
2023-06-11 00:00:00,,,1753.415283203125,25940.16796875,,,
2023-06-11 23:00:00,,1.0750954151153564,,,,,139.37100219726562
2023-06-12 00:00:00,,,1742.5286865234375,25902.5,,,
2023-06-12 04:00:00,1955.300048828125,,,,4338.93017578125,67.12000274658203,
2023-06-12 23:00:00,,1.0762988328933716,,,,,139.4600067138672
2023-06-13 00:00:00,,,1739.03759765625,25918.728515625,,,
2023-06-13 04:00:00,1944.5999755859375,,,,4369.009765625,69.41999816894531,
2023-06-13 23:00:00,,1.078934907913208,,,,,140.177001953125
2023-06-14 00:00:00,,,1650.519287109375,25124.67578125,,,
2023-06-14 04:00:00,1955.300048828125,,,,4372.58984375,68.2699966430664,
2023-06-14 23:00:00,,1.084304690361023,,,,,139.9770050048828
2023-06-15 00:00:00,,,1665.519775390625,25576.39453125,,,
2023-06-15 04:00:00,1957.800048828125,,,,4425.83984375,70.62000274658203,
2023-06-15 23:00:00,,1.0945948362350464,,,,,140.26800537109375
2023-06-16 00:00:00,,,1716.6688232421875,26327.462890625,,,
2023-06-16 04:00:00,1958.4000244140625,,,,4409.58984375,71.77999877929688,
2023-06-17 00:00:00,,,1727.2041015625,26510.67578125,,,
2023-06-18 00:00:00,,,1720.5775146484375,26336.212890625,,,
2023-06-18 23:00:00,,1.0942115783691406,,,,,141.86700439453125
2023-06-19 00:00:00,,,1737.659423828125,26851.029296875,,,
2023-06-19 23:00:00,,1.0924304723739624,,,,,141.8990020751953
2023-06-20 00:00:00,,,1792.1199951171875,28327.48828125,,,
2023-06-20 04:00:00,1935.5,,,,4388.7099609375,70.5,
2023-06-20 23:00:00,,1.0920368432998657,,,,,141.3350067138672
2023-06-21 00:00:00,,,1891.0072021484375,30027.296875,,,
2023-06-21 04:00:00,1933.300048828125,,,,4365.68994140625,72.52999877929688,
2023-06-21 23:00:00,,1.0992635488510132,,,,,141.68800354003906
2023-06-22 00:00:00,,,1872.9429931640625,29912.28125,,,
2023-06-22 04:00:00,1912.699951171875,,,,4381.89013671875,69.51000213623047,
2023-06-22 23:00:00,,1.0958904027938843,,,,,143.02999877929688
2023-06-23 00:00:00,,,1892.862060546875,30695.46875,,,
2023-06-23 04:00:00,1919.0999755859375,,,,4348.330078125,69.16000366210938,
2023-06-24 00:00:00,,,1876.0596923828125,30548.6953125,,,
2023-06-25 00:00:00,,,1900.506103515625,30480.26171875,,,
2023-06-25 23:00:00,,1.0906671285629272,,,,,143.54100036621094
2023-06-26 00:00:00,,,1859.432861328125,30271.130859375,,,
2023-06-26 04:00:00,1923.699951171875,,,,4328.81982421875,69.37000274658203,
2023-06-26 23:00:00,,1.091048002243042,,,,,143.4600067138672
2023-06-27 00:00:00,,,1889.703369140625,30688.1640625,,,
2023-06-27 04:00:00,1914.0,,,,4378.41015625,67.69999694824219,
2023-06-27 23:00:00,,1.0957223176956177,,,,,143.8820037841797
2023-06-28 00:00:00,,,1827.97119140625,30086.24609375,,,
2023-06-28 04:00:00,1912.300048828125,,,,4376.85986328125,69.55999755859375,
2023-06-28 23:00:00,,1.0915838479995728,,,,,144.38900756835938
2023-06-29 00:00:00,,,1852.227294921875,30445.3515625,,,
2023-06-29 04:00:00,1909.199951171875,,,,4396.43994140625,69.86000061035156,
2023-06-29 23:00:00,,1.0868029594421387,,,,,144.77999877929688
2023-06-30 00:00:00,,,1933.18896484375,30477.251953125,,,
2023-06-30 04:00:00,1921.0999755859375,,,,4450.3798828125,70.63999938964844,
2023-07-01 00:00:00,,,1924.56591796875,30590.078125,,,
2023-07-02 00:00:00,,,1937.4383544921875,30620.76953125,,,
2023-07-02 23:00:00,,1.0907504558563232,,,,,144.3979949951172
2023-07-03 00:00:00,,,1955.38916015625,31156.439453125,,,
2023-07-03 04:00:00,1921.699951171875,,,,4455.58984375,69.79000091552734,
2023-07-03 23:00:00,,1.091309905052185,,,,,144.58399963378906
2023-07-04 00:00:00,,,1936.633544921875,30777.58203125,,,
2023-07-04 23:00:00,,1.0884946584701538,,,,,144.406005859375
2023-07-05 00:00:00,,,1910.5880126953125,30514.166015625,,,
2023-07-05 04:00:00,1919.5999755859375,,,,4446.81982421875,71.79000091552734,
2023-07-05 23:00:00,,1.0856584310531616,,,,,144.48899841308594
2023-07-06 00:00:00,,,1848.636474609375,29909.337890625,,,
2023-07-06 04:00:00,1908.699951171875,,,,4411.58984375,71.80000305175781,
2023-07-06 23:00:00,,1.0890636444091797,,,,,143.9510040283203
2023-07-07 00:00:00,,,1870.6025390625,30342.265625,,,
2023-07-07 04:00:00,1926.199951171875,,,,4398.9501953125,73.86000061035156,
2023-07-08 00:00:00,,,1865.53955078125,30292.541015625,,,
2023-07-09 00:00:00,,,1863.009765625,30171.234375,,,
2023-07-09 23:00:00,,1.0969723463058472,,,,,142.20899963378906
2023-07-10 00:00:00,,,1880.556396484375,30414.470703125,,,
2023-07-10 04:00:00,1925.0,,,,4409.52978515625,72.98999786376953,
2023-07-10 23:00:00,,1.100594401359558,,,,,141.2969970703125
2023-07-11 00:00:00,,,1878.3360595703125,30620.951171875,,,
2023-07-11 04:00:00,1931.300048828125,,,,4439.259765625,74.83000183105469,
2023-07-11 23:00:00,,1.101406455039978,,,,,140.1179962158203
2023-07-12 00:00:00,,,1872.11376953125,30391.646484375,,,
2023-07-12 04:00:00,1956.199951171875,,,,4472.16015625,75.75,
2023-07-12 23:00:00,,1.1144545078277588,,,,,138.31500244140625
2023-07-13 00:00:00,,,2006.511474609375,31476.048828125,,,
2023-07-13 04:00:00,1959.199951171875,,,,4510.0400390625,76.88999938964844,
2023-07-13 23:00:00,,1.1223469972610474,,,,,138.0749969482422
2023-07-14 00:00:00,,,1939.3470458984375,30334.068359375,,,
2023-07-14 04:00:00,1960.0999755859375,,,,4505.419921875,75.41999816894531,
2023-07-15 00:00:00,,,1931.466552734375,30295.806640625,,,
2023-07-16 00:00:00,,,1923.681884765625,30249.1328125,,,
2023-07-16 23:00:00,,1.1227755546569824,,,,,138.6820068359375
2023-07-17 00:00:00,,,1911.6461181640625,30145.888671875,,,
2023-07-17 04:00:00,1952.4000244140625,,,,4522.7900390625,74.1500015258789,
2023-07-17 23:00:00,,1.1237596273422241,,,,,138.72900390625
2023-07-18 00:00:00,,,1897.5992431640625,29856.5625,,,
2023-07-18 04:00:00,1977.199951171875,,,,4554.97998046875,75.75,
2023-07-18 23:00:00,,1.1228890419006348,,,,,139.02699279785156
2023-07-19 00:00:00,,,1889.0079345703125,29913.923828125,,,
2023-07-19 04:00:00,1977.5,,,,4565.72021484375,75.3499984741211,
2023-07-19 23:00:00,,1.120523452758789,,,,,139.59800720214844
2023-07-20 00:00:00,,,1890.9691162109375,29792.015625,,,
2023-07-20 04:00:00,1968.300048828125,,,,4534.8701171875,75.62999725341797,
2023-07-20 23:00:00,,1.113709807395935,,,,,139.86399841308594
2023-07-21 00:00:00,,,1892.080078125,29908.744140625,,,
2023-07-21 04:00:00,1964.300048828125,,,,4536.33984375,77.06999969482422,
2023-07-22 00:00:00,,,1864.912353515625,29771.802734375,,,
2023-07-23 00:00:00,,,1889.191650390625,30084.5390625,,,
2023-07-23 23:00:00,,1.112532615661621,,,,,141.75
2023-07-24 00:00:00,,,1850.0020751953125,29176.916015625,,,
2023-07-24 04:00:00,1960.300048828125,,,,4554.64013671875,78.73999786376953,
2023-07-24 23:00:00,,1.1063170433044434,,,,,141.52200317382812
2023-07-25 00:00:00,,,1857.741943359375,29227.390625,,,
2023-07-25 04:00:00,1962.0999755859375,,,,4567.4599609375,79.62999725341797,
2023-07-25 23:00:00,,1.1050456762313843,,,,,140.91299438476562
2023-07-26 00:00:00,,,1872.159912109375,29354.97265625,,,
2023-07-26 04:00:00,1968.9000244140625,,,,4566.75,78.77999877929688,
2023-07-26 23:00:00,,1.1078368425369263,,,,,140.36700439453125
2023-07-27 00:00:00,,,1860.357177734375,29210.689453125,,,
2023-07-27 04:00:00,1945.4000244140625,,,,4537.41015625,80.08999633789062,
2023-07-27 23:00:00,,1.0978755950927734,,,,,138.86399841308594
2023-07-28 00:00:00,,,1874.744873046875,29319.24609375,,,
2023-07-28 04:00:00,1960.4000244140625,,,,4582.22998046875,80.58000183105469,
2023-07-29 00:00:00,,,1881.06884765625,29356.91796875,,,
2023-07-30 00:00:00,,,1861.643798828125,29275.30859375,,,
2023-07-30 23:00:00,,1.1024264097213745,,,,,140.75799560546875
2023-07-31 00:00:00,,,1856.162353515625,29230.111328125,,,
2023-07-31 04:00:00,1970.5,,,,4588.9599609375,81.80000305175781,
2023-07-31 23:00:00,,1.0997591018676758,,,,,142.322998046875
2023-08-01 00:00:00,,,1871.7921142578125,29675.732421875,,,
2023-08-01 04:00:00,1940.699951171875,,,,4576.72998046875,81.37000274658203,
2023-08-01 23:00:00,,1.1007881164550781,,,,,142.97000122070312
2023-08-02 00:00:00,,,1839.0897216796875,29151.958984375,,,
2023-08-02 04:00:00,1937.4000244140625,,,,4513.39013671875,79.48999786376953,
2023-08-02 23:00:00,,1.0944151878356934,,,,,143.343994140625
2023-08-03 00:00:00,,,1835.136474609375,29178.6796875,,,
2023-08-03 04:00:00,1932.0,,,,4501.89013671875,81.55000305175781,
2023-08-03 23:00:00,,1.095158338546753,,,,,142.59800720214844
2023-08-04 00:00:00,,,1827.712890625,29074.091796875,,,
2023-08-04 04:00:00,1939.5999755859375,,,,4478.02978515625,82.81999969482422,
2023-08-05 00:00:00,,,1834.9879150390625,29042.126953125,,,
2023-08-06 00:00:00,,,1827.4620361328125,29041.85546875,,,
2023-08-06 23:00:00,,1.1002674102783203,,,,,141.87600708007812
2023-08-07 00:00:00,,,1826.9388427734375,29180.578125,,,
2023-08-07 04:00:00,1933.5,,,,4518.43994140625,81.94000244140625,
2023-08-07 23:00:00,,1.100315809249878,,,,,142.5240020751953
2023-08-08 00:00:00,,,1855.807373046875,29765.4921875,,,
2023-08-08 04:00:00,1924.0999755859375,,,,4499.3798828125,82.91999816894531,
2023-08-08 23:00:00,,1.0958904027938843,,,,,143.2779998779297
2023-08-09 00:00:00,,,1854.297607421875,29561.494140625,,,
2023-08-09 04:00:00,1915.4000244140625,,,,4467.7099609375,84.4000015258789,
2023-08-09 23:00:00,,1.0977671146392822,,,,,143.7270050048828
2023-08-10 00:00:00,,,1850.75341796875,29429.591796875,,,
2023-08-10 04:00:00,1914.4000244140625,,,,4468.830078125,82.81999969482422,
2023-08-10 23:00:00,,1.0981649160385132,,,,,144.85400390625
2023-08-11 00:00:00,,,1847.1243896484375,29397.71484375,,,
2023-08-11 04:00:00,1912.9000244140625,,,,4464.0498046875,83.19000244140625,
2023-08-12 00:00:00,,,1848.889892578125,29415.96484375,,,
2023-08-13 00:00:00,,,1839.2801513671875,29282.9140625,,,
2023-08-13 23:00:00,,1.094439148902893,,,,,144.81700134277344
2023-08-14 00:00:00,,,1844.185791015625,29408.443359375,,,
2023-08-14 04:00:00,1910.5999755859375,,,,4489.72021484375,82.51000213623047,
2023-08-14 23:00:00,,1.0909883975982666,,,,,145.43699645996094
2023-08-15 00:00:00,,,1826.9327392578125,29170.34765625,,,
2023-08-15 04:00:00,1902.5,,,,4437.85986328125,80.98999786376953,
2023-08-15 23:00:00,,1.0904173851013184,,,,,145.60800170898438
2023-08-16 00:00:00,,,1805.6590576171875,28701.779296875,,,
2023-08-16 04:00:00,1896.0999755859375,,,,4404.330078125,79.37999725341797,
2023-08-16 23:00:00,,1.0874884128570557,,,,,146.33299255371094
2023-08-17 00:00:00,,,1684.9334716796875,26664.55078125,,,
2023-08-17 04:00:00,1884.0999755859375,,,,4370.35986328125,80.38999938964844,
2023-08-17 23:00:00,,1.0874648094177246,,,,,145.71400451660156
2023-08-18 00:00:00,,,1660.945068359375,26049.556640625,,,
2023-08-18 04:00:00,1886.0999755859375,,,,4369.7099609375,81.25,
2023-08-19 00:00:00,,,1669.471923828125,26096.205078125,,,
2023-08-20 00:00:00,,,1684.85205078125,26189.583984375,,,
2023-08-20 23:00:00,,1.087559461593628,,,,,145.30499267578125
2023-08-21 00:00:00,,,1667.26904296875,26124.140625,,,
2023-08-21 04:00:00,1893.300048828125,,,,4399.77001953125,80.72000122070312,
2023-08-21 23:00:00,,1.0898351669311523,,,,,146.23800659179688
2023-08-22 00:00:00,,,1633.892578125,26031.65625,,,
2023-08-22 04:00:00,1896.4000244140625,,,,4387.5498046875,80.3499984741211,
2023-08-22 23:00:00,,1.0846692323684692,,,,,145.76300048828125
2023-08-23 00:00:00,,,1679.2744140625,26431.640625,,,
2023-08-23 04:00:00,1918.5,,,,4436.009765625,78.88999938964844,
2023-08-23 23:00:00,,1.086578607559204,,,,,144.67300415039062
2023-08-24 00:00:00,,,1659.944580078125,26162.373046875,,,
2023-08-24 04:00:00,1918.199951171875,,,,4376.31005859375,79.05000305175781,
2023-08-24 23:00:00,,1.07991361618042,,,,,146.06700134277344
2023-08-25 00:00:00,,,1652.93505859375,26047.66796875,,,
2023-08-25 04:00:00,1911.0999755859375,,,,4405.7099609375,79.83000183105469,
2023-08-26 00:00:00,,,1646.3067626953125,26008.462890625,,,
2023-08-27 00:00:00,,,1657.5130615234375,26089.693359375,,,
2023-08-27 23:00:00,,1.0797386169433594,,,,,146.531005859375
2023-08-28 00:00:00,,,1652.4573974609375,26106.150390625,,,
2023-08-28 04:00:00,1917.9000244140625,,,,4433.31005859375,80.0999984741211,
2023-08-28 23:00:00,,1.0825556516647339,,,,,146.46400451660156
2023-08-29 00:00:00,,,1729.7257080078125,27727.392578125,,,
2023-08-29 04:00:00,1936.5,,,,4497.6298828125,81.16000366210938,
2023-08-29 23:00:00,,1.0869210958480835,,,,,145.98800659179688
2023-08-30 00:00:00,,,1705.1121826171875,27297.265625,,,
2023-08-30 04:00:00,1944.300048828125,,,,4514.8701171875,81.62999725341797,
2023-08-30 23:00:00,,1.0932546854019165,,,,,146.0989990234375
2023-08-31 00:00:00,,,1645.63916015625,25931.47265625,,,
2023-08-31 04:00:00,1938.199951171875,,,,4507.66015625,83.62999725341797,
2023-08-31 23:00:00,,1.0844104290008545,,,,,145.47300720214844
2023-09-01 00:00:00,,,1628.4912109375,25800.724609375,,,
2023-09-01 04:00:00,1939.800048828125,,,,4515.77001953125,85.55000305175781,
2023-09-02 00:00:00,,,1637.025390625,25868.798828125,,,
2023-09-03 00:00:00,,,1636.11767578125,25969.56640625,,,
2023-09-03 23:00:00,,1.07758629322052,,,,,146.0570068359375
2023-09-04 00:00:00,,,1629.6552734375,25812.416015625,,,
2023-09-04 23:00:00,,1.0794472694396973,,,,,146.54299926757812
2023-09-05 00:00:00,,,1633.62939453125,25779.982421875,,,
2023-09-05 04:00:00,1926.199951171875,,,,4496.830078125,86.69000244140625,
2023-09-05 23:00:00,,1.0726161003112793,,,,,147.4709930419922
2023-09-06 00:00:00,,,1632.2523193359375,25753.236328125,,,
2023-09-06 04:00:00,1918.0999755859375,,,,4465.47998046875,87.54000091552734,
2023-09-06 23:00:00,,1.0724204778671265,,,,,147.70899963378906
2023-09-07 00:00:00,,,1647.5982666015625,26240.1953125,,,
2023-09-07 04:00:00,1917.5,,,,4451.14013671875,86.87000274658203,
2023-09-07 23:00:00,,1.0697818994522095,,,,,147.33099365234375
2023-09-08 00:00:00,,,1636.1378173828125,25905.654296875,,,
2023-09-08 04:00:00,1918.4000244140625,,,,4457.490234375,87.51000213623047,
2023-09-09 00:00:00,,,1635.162353515625,25895.677734375,,,
2023-09-10 00:00:00,,,1616.828857421875,25832.2265625,,,
2023-09-10 23:00:00,,1.071811318397522,,,,,147.11300659179688
2023-09-11 00:00:00,,,1551.6376953125,25162.654296875,,,
2023-09-11 04:00:00,1923.300048828125,,,,4487.4599609375,87.29000091552734,
2023-09-11 23:00:00,,1.0750375986099243,,,,,146.67799377441406
2023-09-12 00:00:00,,,1592.429443359375,25833.34375,,,
2023-09-12 04:00:00,1911.300048828125,,,,4461.89990234375,88.83999633789062,
2023-09-12 23:00:00,,1.075326681137085,,,,,147.1580047607422
2023-09-13 00:00:00,,,1607.988525390625,26228.32421875,,,
2023-09-13 04:00:00,1909.0999755859375,,,,4467.43994140625,88.5199966430664,
2023-09-13 23:00:00,,1.0734220743179321,,,,,147.3459930419922
2023-09-14 00:00:00,,,1626.974365234375,26539.673828125,,,
2023-09-14 04:00:00,1910.0,,,,4505.10009765625,90.16000366210938,
2023-09-14 23:00:00,,1.0637166500091553,,,,,147.48199462890625
2023-09-15 00:00:00,,,1641.640380859375,26608.693359375,,,
2023-09-15 04:00:00,1923.699951171875,,,,4450.31982421875,90.7699966430664,
2023-09-16 00:00:00,,,1635.2216796875,26568.28125,,,
2023-09-17 00:00:00,,,1622.896728515625,26534.1875,,,
2023-09-17 23:00:00,,1.0668259859085083,,,,,147.8679962158203
2023-09-18 00:00:00,,,1637.3470458984375,26754.28125,,,
2023-09-18 04:00:00,1931.5,,,,4453.52978515625,91.4800033569336,
2023-09-18 23:00:00,,1.0692671537399292,,,,,147.60499572753906
2023-09-19 00:00:00,,,1643.544677734375,27211.1171875,,,
2023-09-19 04:00:00,1932.0,,,,4443.9501953125,91.19999694824219,
2023-09-19 23:00:00,,1.0682048797607422,,,,,147.74200439453125
2023-09-20 00:00:00,,,1622.890625,27132.0078125,,,
2023-09-20 04:00:00,1945.5999755859375,,,,4402.2001953125,90.27999877929688,
2023-09-20 23:00:00,,1.065303087234497,,,,,148.3209991455078
2023-09-21 00:00:00,,,1584.3070068359375,26567.6328125,,,
2023-09-21 04:00:00,1919.199951171875,,,,4330.0,89.62999725341797,
2023-09-21 23:00:00,,1.0661548376083374,,,,,147.6439971923828
2023-09-22 00:00:00,,,1593.268310546875,26579.568359375,,,
2023-09-22 04:00:00,1925.4000244140625,,,,4320.06005859375,90.02999877929688,
2023-09-23 00:00:00,,,1593.8577880859375,26579.390625,,,
2023-09-24 00:00:00,,,1580.8533935546875,26256.826171875,,,
2023-09-24 23:00:00,,1.0648492574691772,,,,,148.4340057373047
2023-09-25 00:00:00,,,1588.3228759765625,26298.48046875,,,
2023-09-25 04:00:00,1916.5999755859375,,,,4337.43994140625,89.68000030517578,
2023-09-25 23:00:00,,1.0591648817062378,,,,,148.81100463867188
2023-09-26 00:00:00,,,1593.417236328125,26217.25,,,
2023-09-26 04:00:00,1900.4000244140625,,,,4273.52978515625,90.38999938964844,
2023-09-26 23:00:00,,1.0569483041763306,,,,,149.0449981689453
2023-09-27 00:00:00,,,1597.4912109375,26352.716796875,,,
2023-09-27 04:00:00,1871.5999755859375,,,,4274.509765625,93.68000030517578,
2023-09-27 23:00:00,,1.0505305528640747,,,,,149.4980010986328
2023-09-28 00:00:00,,,1652.8826904296875,27021.546875,,,
2023-09-28 04:00:00,1860.4000244140625,,,,4299.7001953125,91.70999908447266,
2023-09-28 23:00:00,,1.0562450885772705,,,,,149.33700561523438
2023-09-29 00:00:00,,,1667.94384765625,26911.720703125,,,
2023-09-29 04:00:00,1848.0999755859375,,,,4288.0498046875,90.79000091552734,
2023-09-30 00:00:00,,,1671.161865234375,26967.916015625,,,
2023-10-01 00:00:00,,,1733.8104248046875,27983.75,,,
2023-10-01 23:00:00,,1.0565240383148193,,,,,149.5399932861328
2023-10-02 00:00:00,,,1663.6275634765625,27530.78515625,,,
2023-10-02 04:00:00,1830.0,,,,4288.39013671875,88.81999969482422,
2023-10-02 23:00:00,,1.0480751991271973,,,,,149.8509979248047
2023-10-03 00:00:00,,,1656.6856689453125,27429.978515625,,,
2023-10-03 04:00:00,1824.5999755859375,,,,4229.4501953125,89.2300033569336,
2023-10-03 23:00:00,,1.0472300052642822,,,,,149.19200134277344
2023-10-04 00:00:00,,,1647.838134765625,27799.39453125,,,
2023-10-04 04:00:00,1818.5,,,,4263.75,84.22000122070312,
2023-10-04 23:00:00,,1.0507071018218994,,,,,148.96600341796875
2023-10-05 00:00:00,,,1611.4764404296875,27415.912109375,,,
2023-10-05 04:00:00,1816.5999755859375,,,,4258.18994140625,82.30999755859375,
2023-10-05 23:00:00,,1.0546631813049316,,,,,148.46299743652344
2023-10-06 00:00:00,,,1645.83154296875,27946.59765625,,,
2023-10-06 04:00:00,1830.199951171875,,,,4308.5,82.79000091552734,
2023-10-07 00:00:00,,,1634.51123046875,27968.83984375,,,
2023-10-08 00:00:00,,,1633.548583984375,27935.08984375,,,
2023-10-08 23:00:00,,1.056747317314148,,,,,149.16000366210938
2023-10-09 00:00:00,,,1579.806640625,27583.677734375,,,
2023-10-09 04:00:00,1849.5,,,,4335.66015625,86.37999725341797,
2023-10-09 23:00:00,,1.0578875541687012,,,,,148.32699584960938
2023-10-10 00:00:00,,,1567.7130126953125,27391.01953125,,,
2023-10-10 04:00:00,1861.0,,,,4358.240234375,85.97000122070312,
2023-10-10 23:00:00,,1.0604791641235352,,,,,148.6280059814453
2023-10-11 00:00:00,,,1566.2547607421875,26873.3203125,,,
2023-10-11 04:00:00,1872.800048828125,,,,4376.9501953125,83.48999786376953,
2023-10-11 23:00:00,,1.0624282360076904,,,,,149.03599548339844
2023-10-12 00:00:00,,,1539.6124267578125,26756.798828125,,,
2023-10-12 04:00:00,1869.300048828125,,,,4349.60986328125,82.91000366210938,
2023-10-12 23:00:00,,1.0536741018295288,,,,,149.7899932861328
2023-10-13 00:00:00,,,1552.0894775390625,26862.375,,,
2023-10-13 04:00:00,1927.4000244140625,,,,4327.77978515625,87.69000244140625,
2023-10-14 00:00:00,,,1555.2568359375,26861.70703125,,,
2023-10-15 00:00:00,,,1558.06982421875,27159.65234375,,,
2023-10-15 23:00:00,,1.0521553754806519,,,,,149.5659942626953
2023-10-16 00:00:00,,,1600.5343017578125,28519.466796875,,,
2023-10-16 04:00:00,1921.0999755859375,,,,4373.6298828125,86.66000366210938,
2023-10-16 23:00:00,,1.0554312467575073,,,,,149.5780029296875
2023-10-17 00:00:00,,,1565.4395751953125,28415.748046875,,,
2023-10-17 04:00:00,1922.699951171875,,,,4373.2001953125,86.66000366210938,
2023-10-17 23:00:00,,1.057305932044983,,,,,149.75900268554688
2023-10-18 00:00:00,,,1563.7498779296875,28328.341796875,,,
2023-10-18 04:00:00,1955.300048828125,,,,4314.60009765625,88.31999969482422,
2023-10-18 23:00:00,,1.053851842880249,,,,,149.74200439453125
2023-10-19 00:00:00,,,1567.45703125,28719.806640625,,,
2023-10-19 04:00:00,1968.4000244140625,,,,4278.0,89.37000274658203,
2023-10-19 23:00:00,,1.0586491823196411,,,,,149.802001953125
2023-10-20 00:00:00,,,1604.6668701171875,29682.94921875,,,
2023-10-20 04:00:00,1982.5,,,,4224.16015625,88.75,
2023-10-21 00:00:00,,,1629.304443359375,29918.412109375,,,
2023-10-22 00:00:00,,,1663.429931640625,29993.896484375,,,
2023-10-22 23:00:00,,1.0589966773986816,,,,,149.8800048828125
2023-10-23 00:00:00,,,1765.3826904296875,33086.234375,,,
2023-10-23 04:00:00,1976.300048828125,,,,4217.0400390625,85.48999786376953,
2023-10-23 23:00:00,,1.0669853687286377,,,,,149.7689971923828
2023-10-24 00:00:00,,,1784.4375,33901.52734375,,,
2023-10-24 04:00:00,1975.0,,,,4247.68017578125,83.73999786376953,
2023-10-24 23:00:00,,1.059535264968872,,,,,149.85400390625
2023-10-25 00:00:00,,,1787.3975830078125,34502.8203125,,,
2023-10-25 04:00:00,1984.0999755859375,,,,4186.77001953125,85.38999938964844,
2023-10-25 23:00:00,,1.056725025177002,,,,,150.09800720214844
2023-10-26 00:00:00,,,1804.039306640625,34156.6484375,,,
2023-10-26 04:00:00,1987.199951171875,,,,4137.22998046875,83.20999908447266,
2023-10-26 23:00:00,,1.0564459562301636,,,,,150.36599731445312
2023-10-27 00:00:00,,,1780.0452880859375,33909.80078125,,,
2023-10-27 04:00:00,1988.5999755859375,,,,4117.3701171875,85.54000091552734,
2023-10-28 00:00:00,,,1776.6181640625,34089.57421875,,,
2023-10-29 00:00:00,,,1795.5460205078125,34538.48046875,,,
2023-10-30 00:00:00,,1.0562450885772705,1810.088623046875,34502.36328125,,,149.73300170898438
2023-10-30 04:00:00,1996.199951171875,,,,4166.81982421875,82.30999755859375,
2023-10-31 00:00:00,,1.061503529548645,1816.458984375,34667.78125,,,149.11099243164062
2023-10-31 04:00:00,1985.199951171875,,,,4193.7998046875,81.0199966430664,
2023-11-01 00:00:00,,1.0579099655151367,1847.0897216796875,35437.25390625,,,151.29400634765625
2023-11-01 04:00:00,1978.800048828125,,,,4237.85986328125,80.44000244140625,
2023-11-02 00:00:00,,1.05870521068573,1800.6209716796875,34938.2421875,,,150.5749969482422
2023-11-02 04:00:00,1985.5999755859375,,,,4317.77978515625,82.45999908447266,
2023-11-03 00:00:00,,1.0619093179702759,1832.795166015625,34732.32421875,,,150.4969940185547
2023-11-03 04:00:00,1991.5,,,,4358.33984375,80.51000213623047,
2023-11-04 00:00:00,,,1857.6986083984375,35082.1953125,,,
2023-11-05 00:00:00,,,1894.15771484375,35049.35546875,,,
2023-11-06 00:00:00,,1.0732147693634033,1899.83740234375,35037.37109375,,,149.44900512695312
2023-11-06 05:00:00,1981.5999755859375,,,,4365.97998046875,80.81999969482422,
2023-11-07 00:00:00,,1.0721560716629028,1888.124267578125,35443.5625,,,149.98899841308594
2023-11-07 05:00:00,1966.800048828125,,,,4378.3798828125,77.37000274658203,
2023-11-08 00:00:00,,1.0696102380752563,1889.3223876953125,35655.27734375,,,150.39599609375
2023-11-08 05:00:00,1951.5,,,,4382.77978515625,75.33000183105469,
2023-11-09 00:00:00,,1.0710422992706299,2120.56103515625,36693.125,,,150.86399841308594
2023-11-09 05:00:00,1964.199951171875,,,,4347.35009765625,75.73999786376953,
2023-11-10 00:00:00,,1.0667576789855957,2078.289794921875,37313.96875,,,151.3489990234375
2023-11-10 05:00:00,1932.5999755859375,,,,4415.240234375,77.16999816894531,
2023-11-11 00:00:00,,,2052.7138671875,37138.05078125,,,
2023-11-12 00:00:00,,,2045.18701171875,37054.51953125,,,
2023-11-13 00:00:00,,1.069015622138977,2055.265380859375,36502.35546875,,,151.468994140625
2023-11-13 05:00:00,1945.5,,,,4411.5498046875,78.26000213623047,
2023-11-14 00:00:00,,1.0701825618743896,1979.0526123046875,35537.640625,,,151.64599609375
2023-11-14 05:00:00,1961.800048828125,,,,4495.7001953125,78.26000213623047,
2023-11-15 00:00:00,,1.0878314971923828,2060.408447265625,37880.58203125,,,150.48500061035156
2023-11-15 05:00:00,1960.0999755859375,,,,4502.8798828125,76.66000366210938,
2023-11-16 00:00:00,,1.0854581594467163,1960.881591796875,36154.76953125,,,151.21499633789062
2023-11-16 05:00:00,1983.9000244140625,,,,4508.240234375,72.9000015258789,
2023-11-17 00:00:00,,1.0853756666183472,1961.28076171875,36596.68359375,,,150.7050018310547
2023-11-17 05:00:00,1981.5999755859375,,,,4514.02001953125,75.88999938964844,
2023-11-18 00:00:00,,,1963.2850341796875,36585.703125,,,
2023-11-19 00:00:00,,,2013.2044677734375,37386.546875,,,
2023-11-20 00:00:00,,1.090702772140503,2022.2391357421875,37476.95703125,,,149.94200134277344
2023-11-20 05:00:00,1977.699951171875,,,,4547.3798828125,77.5999984741211,
2023-11-21 00:00:00,,1.0945948362350464,1937.0667724609375,35813.8125,,,148.36199951171875
2023-11-21 05:00:00,1999.300048828125,,,,4538.18994140625,77.7699966430664,
2023-11-22 00:00:00,,1.0918222665786743,2064.42529296875,37432.33984375,,,148.15199279785156
2023-11-22 05:00:00,1991.4000244140625,,,,4556.6201171875,77.0999984741211,
2023-11-23 00:00:00,,1.0890873670578003,2062.210693359375,37289.62109375,,,149.4600067138672
2023-11-24 00:00:00,,1.0906314849853516,2081.152099609375,37720.28125,,,149.63499450683594
2023-11-24 05:00:00,2002.199951171875,,,,4559.33984375,75.54000091552734,
2023-11-25 00:00:00,,,2084.4130859375,37796.79296875,,,
2023-11-26 00:00:00,,,2063.2861328125,37479.12109375,,,
2023-11-27 00:00:00,,1.0940439701080322,2027.4173583984375,37254.16796875,,,149.5709991455078
2023-11-27 05:00:00,2011.800048828125,,,,4550.43017578125,74.86000061035156,
2023-11-28 00:00:00,,1.0958423614501953,2049.338134765625,37831.0859375,,,148.45199584960938
2023-11-28 05:00:00,2039.699951171875,,,,4554.89013671875,76.41000366210938,
2023-11-29 00:00:00,,1.100594401359558,2029.92919921875,37858.4921875,,,147.06300354003906
2023-11-29 05:00:00,2047.0999755859375,,,,4550.580078125,77.86000061035156,
2023-11-30 00:00:00,,1.0973695516586304,2052.55615234375,37712.74609375,,,147.03900146484375
2023-11-30 05:00:00,2038.0999755859375,,,,4567.7998046875,75.95999908447266,
2023-12-01 00:00:00,,1.0892059803009033,2087.139892578125,38688.75,,,147.99899291992188
2023-12-01 05:00:00,2071.0,,,,4594.6298828125,74.06999969482422,
2023-12-02 00:00:00,,,2165.7041015625,39476.33203125,,,
2023-12-03 00:00:00,,,2193.691650390625,39978.390625,,,
2023-12-04 00:00:00,,1.088814616203308,2243.2158203125,41980.09765625,,,146.39300537109375
2023-12-04 05:00:00,2024.0999755859375,,,,4569.77978515625,73.04000091552734,
2023-12-05 00:00:00,,1.0837758779525757,2293.841796875,44080.6484375,,,147.32699584960938
2023-12-05 05:00:00,2018.5,,,,4567.18017578125,72.31999969482422,
2023-12-06 00:00:00,,1.0793657302856445,2231.661376953125,43746.4453125,,,147.18499755859375
2023-12-06 05:00:00,2030.5,,,,4549.33984375,69.37999725341797,
2023-12-07 00:00:00,,1.076669692993164,2357.57958984375,43292.6640625,,,147.1840057373047
2023-12-07 05:00:00,2029.9000244140625,,,,4585.58984375,69.33999633789062,
2023-12-08 00:00:00,,1.079214334487915,2358.73193359375,44166.6015625,,,144.2779998779297
2023-12-08 05:00:00,1998.300048828125,,,,4604.3701171875,71.2300033569336,
2023-12-09 00:00:00,,,2341.17529296875,43725.984375,,,
2023-12-10 00:00:00,,,2352.462646484375,43779.69921875,,,
2023-12-11 00:00:00,,1.0765769481658936,2224.578857421875,41243.83203125,,,144.98300170898438
2023-12-11 05:00:00,1978.0,,,,4622.43994140625,71.31999969482422,
2023-12-12 00:00:00,,1.076658010482788,2202.0380859375,41450.22265625,,,146.0850067138672
2023-12-12 05:00:00,1977.800048828125,,,,4643.7001953125,68.61000061035156,
2023-12-13 00:00:00,,1.0798670053482056,2260.648681640625,42890.7421875,,,145.27999877929688
2023-12-13 05:00:00,1982.300048828125,,,,4707.08984375,69.47000122070312,
2023-12-14 00:00:00,,1.0886130332946777,2316.5791015625,43023.97265625,,,142.7729949951172
2023-12-14 05:00:00,2030.199951171875,,,,4719.5498046875,71.58000183105469,
2023-12-15 00:00:00,,1.0993602275848389,2219.33740234375,41929.7578125,,,142.2790069580078
2023-12-15 05:00:00,2021.0999755859375,,,,4719.18994140625,71.43000030517578,
2023-12-16 00:00:00,,,2226.926513671875,42240.1171875,,,
2023-12-17 00:00:00,,,2196.481201171875,41364.6640625,,,
2023-12-18 00:00:00,,1.0895264148712158,2217.2734375,42623.5390625,,,142.31300354003906
2023-12-18 05:00:00,2026.300048828125,,,,4740.56005859375,72.47000122070312,
2023-12-19 00:00:00,,1.092382788658142,2177.87255859375,42270.52734375,,,142.7220001220703
2023-12-19 05:00:00,2038.4000244140625,,,,4768.3701171875,73.44000244140625,
2023-12-20 00:00:00,,1.0981045961380005,2201.911376953125,43652.25,,,143.88900756835938
2023-12-20 05:00:00,2034.5,,,,4698.35009765625,74.22000122070312,
2023-12-21 00:00:00,,1.0945708751678467,2239.54248046875,43869.15234375,,,143.5229949951172
2023-12-21 05:00:00,2039.0999755859375,,,,4746.75,73.88999938964844,
2023-12-22 00:00:00,,1.100618600845337,2326.52490234375,43997.90234375,,,142.07000732421875
2023-12-22 05:00:00,2057.10009765625,,,,4754.6298828125,73.55999755859375,
2023-12-23 00:00:00,,,2309.04638671875,43739.54296875,,,
2023-12-24 00:00:00,,,2265.692138671875,43016.1171875,,,
2023-12-25 00:00:00,,1.102657437324524,2272.561767578125,43613.140625,,,142.3419952392578
2023-12-26 00:00:00,,1.1020255088806152,2231.46533203125,42520.40234375,,,142.22999572753906
2023-12-26 05:00:00,2058.199951171875,,,,4774.75,75.56999969482422,
2023-12-27 00:00:00,,1.1043012142181396,2378.739990234375,43442.85546875,,,142.46099853515625
2023-12-27 05:00:00,2081.89990234375,,,,4781.580078125,74.11000061035156,
2023-12-28 00:00:00,,1.110864281654358,2347.566162109375,42627.85546875,,,141.3990020751953
2023-12-28 05:00:00,2073.89990234375,,,,4783.35009765625,71.7699966430664,
2023-12-29 00:00:00,,1.1068191528320312,2300.690673828125,42099.40234375,,,141.42999267578125
2023-12-29 05:00:00,2062.39990234375,,,,4769.830078125,71.6500015258789,
2023-12-30 00:00:00,,,2292.0654296875,42156.90234375,,,
2023-12-31 00:00:00,,,2281.47119140625,42265.1875,,,
2024-01-01 00:00:00,,1.1055831909179688,2352.327880859375,44167.33203125,,,140.95199584960938
2024-01-02 00:00:00,,1.1038745641708374,2355.83642578125,44957.96875,,,141.12600708007812
2024-01-02 05:00:00,2064.39990234375,,,,4742.830078125,70.37999725341797,
2024-01-03 00:00:00,,1.0941756963729858,2210.761962890625,42848.17578125,,,142.15499877929688
2024-01-03 05:00:00,2034.199951171875,,,,4704.81005859375,72.69999694824219,
2024-01-04 00:00:00,,1.0927767753601074,2269.0380859375,44179.921875,,,142.99899291992188
2024-01-04 05:00:00,2042.300048828125,,,,4688.68017578125,72.19000244140625,
2024-01-05 00:00:00,,1.0947387218475342,2268.647216796875,44162.69140625,,,144.76499938964844
2024-01-05 05:00:00,2042.4000244140625,,,,4697.240234375,73.80999755859375,
2024-01-06 00:00:00,,,2241.624755859375,43989.1953125,,,
2024-01-07 00:00:00,,,2222.865966796875,43943.09765625,,,
2024-01-08 00:00:00,,1.0942236185073853,2333.03271484375,46970.50390625,,,144.71600341796875
2024-01-08 05:00:00,2026.5999755859375,,,,4763.5400390625,70.7699966430664,
2024-01-09 00:00:00,,1.095170259475708,2344.8271484375,46139.73046875,,,144.22999572753906
2024-01-09 05:00:00,2026.4000244140625,,,,4756.5,72.23999786376953,
2024-01-10 00:00:00,,1.0932426452636719,2582.103515625,46627.77734375,,,144.42799377441406
2024-01-10 05:00:00,2021.699951171875,,,,4783.4501953125,71.37000274658203,
2024-01-11 00:00:00,,1.0975141525268555,2619.619140625,46368.5859375,,,145.73399353027344
2024-01-11 05:00:00,2014.300048828125,,,,4780.240234375,72.0199966430664,
2024-01-12 00:00:00,,1.0981649160385132,2524.460205078125,42853.16796875,,,145.04600524902344
2024-01-12 05:00:00,2046.699951171875,,,,4783.830078125,72.68000030517578,
2024-01-13 00:00:00,,,2576.597900390625,42842.3828125,,,
2024-01-14 00:00:00,,,2472.2412109375,41796.26953125,,,
2024-01-15 00:00:00,,1.0945708751678467,2511.36376953125,42511.96875,,,145.1490020751953
2024-01-16 00:00:00,,1.0945708751678467,2587.691162109375,43154.9453125,,,145.79400634765625
2024-01-16 05:00:00,2026.0,,,,4765.97998046875,72.4000015258789,
2024-01-17 00:00:00,,1.087878942489624,2528.369384765625,42742.65234375,,,147.24600219726562
2024-01-17 05:00:00,2002.5999755859375,,,,4739.2099609375,72.55999755859375,
2024-01-18 00:00:00,,1.0885775089263916,2467.018798828125,41262.05859375,,,148.1179962158203
2024-01-18 05:00:00,2018.5999755859375,,,,4780.93994140625,74.08000183105469,
2024-01-19 00:00:00,,1.0879143476486206,2489.49853515625,41618.40625,,,148.1280059814453
2024-01-19 05:00:00,2026.5,,,,4839.81005859375,73.41000366210938,
2024-01-20 00:00:00,,,2469.589111328125,41665.5859375,,,
2024-01-21 00:00:00,,,2453.9130859375,41545.78515625,,,
2024-01-22 00:00:00,,1.089229702949524,2310.826416015625,39507.3671875,,,148.12100219726562
2024-01-22 05:00:00,2019.800048828125,,,,4850.43017578125,75.19000244140625,
2024-01-23 00:00:00,,1.088020920753479,2240.68603515625,39845.55078125,,,148.14199829101562
2024-01-23 05:00:00,2023.699951171875,,,,4864.60009765625,74.37000274658203,
2024-01-24 00:00:00,,1.0857881307601929,2233.561767578125,40077.07421875,,,148.25100708007812
2024-01-24 05:00:00,2013.9000244140625,,,,4868.5498046875,75.08999633789062,
2024-01-25 00:00:00,,1.088174819946289,2217.710205078125,39933.80859375,,,147.59100341796875
2024-01-25 05:00:00,2016.9000244140625,,,,4894.16015625,77.36000061035156,
2024-01-26 00:00:00,,1.0847046375274658,2267.19970703125,41816.87109375,,,147.72300720214844
2024-01-26 05:00:00,2016.800048828125,,,,4890.97021484375,78.01000213623047,
2024-01-27 00:00:00,,,2267.885986328125,42120.0546875,,,
2024-01-28 00:00:00,,,2257.208740234375,42035.59375,,,
2024-01-29 00:00:00,,1.0843517780303955,2317.064208984375,43288.24609375,,,148.13999938964844
2024-01-29 05:00:00,2025.199951171875,,,,4927.93017578125,76.77999877929688,
2024-01-30 00:00:00,,1.0834470987319946,2344.49365234375,42952.609375,,,147.46800231933594
2024-01-30 05:00:00,2031.5,,,,4924.97021484375,77.81999969482422,
2024-01-31 00:00:00,,1.08433997631073,2282.54443359375,42582.60546875,,,147.36900329589844
2024-01-31 05:00:00,2048.39990234375,,,,4845.64990234375,75.8499984741211,
2024-02-01 00:00:00,,1.0803920030593872,2303.82470703125,43075.7734375,,,146.99600219726562
2024-02-01 05:00:00,2053.0,,,,4906.18994140625,73.81999969482422,
2024-02-02 00:00:00,,1.0874648094177246,2308.0380859375,43185.859375,,,146.4510040283203
2024-02-02 05:00:00,2036.0999755859375,,,,4958.60986328125,72.27999877929688,
2024-02-03 00:00:00,,,2296.038330078125,42992.25,,,
2024-02-04 00:00:00,,,2289.546142578125,42583.58203125,,,
2024-02-05 00:00:00,,1.0780043601989746,2298.888916015625,42658.66796875,,,148.50100708007812
2024-02-05 05:00:00,2025.699951171875,,,,4942.81005859375,72.77999877929688,
2024-02-06 00:00:00,,1.0741831064224243,2372.201904296875,43084.671875,,,148.63999938964844
2024-02-06 05:00:00,2034.5,,,,4954.22998046875,73.30999755859375,
2024-02-07 00:00:00,,1.075719952583313,2423.7451171875,44318.22265625,,,147.8179931640625
2024-02-07 05:00:00,2035.199951171875,,,,4995.06005859375,73.86000061035156,
2024-02-08 00:00:00,,1.077574610710144,2419.906494140625,45301.56640625,,,148.08599853515625
2024-02-08 05:00:00,2032.199951171875,,,,4997.91015625,76.22000122070312,
2024-02-09 00:00:00,,1.0777255296707153,2487.515625,47147.19921875,,,149.25900268554688
2024-02-09 05:00:00,2023.300048828125,,,,5026.60986328125,76.83999633789062,
2024-02-10 00:00:00,,,2501.228271484375,47771.27734375,,,
2024-02-11 00:00:00,,,2507.570556640625,48293.91796875,,,
2024-02-12 00:00:00,,1.0798202753067017,2658.115966796875,49958.22265625,,,149.16700744628906
2024-02-12 05:00:00,2018.199951171875,,,,5021.83984375,76.91999816894531,
2024-02-13 00:00:00,,1.0772264003753662,2642.185302734375,49742.44140625,,,149.40499877929688
2024-02-13 05:00:00,1992.9000244140625,,,,4953.169921875,77.87000274658203,
2024-02-14 00:00:00,,1.0708931684494019,2777.90234375,51826.6953125,,,150.7239990234375
2024-02-14 05:00:00,1990.300048828125,,,,5000.6201171875,76.63999938964844,
2024-02-15 00:00:00,,1.0732147693634033,2824.37890625,51938.5546875,,,150.54400634765625
2024-02-15 05:00:00,2002.0999755859375,,,,5029.72998046875,78.02999877929688,
2024-02-16 00:00:00,,1.0773887634277344,2803.69140625,52160.203125,,,149.9459991455078
2024-02-16 05:00:00,2011.5,,,,5005.56982421875,79.19000244140625,
2024-02-17 00:00:00,,,2786.672607421875,51662.99609375,,,
2024-02-18 00:00:00,,,2878.998046875,52122.546875,,,
2024-02-19 00:00:00,,1.0784927606582642,2943.57470703125,51779.14453125,,,150.09100341796875
2024-02-20 00:00:00,,1.0775396823883057,3013.503662109375,52284.875,,,150.27000427246094
2024-02-20 05:00:00,2027.5,,,,4975.509765625,78.18000030517578,
2024-02-21 00:00:00,,1.0813149213790894,2970.35546875,51839.1796875,,,149.93899536132812
2024-02-21 05:00:00,2022.300048828125,,,,4981.7998046875,77.91000366210938,
2024-02-22 00:00:00,,1.0820403099060059,2971.00732421875,51304.97265625,,,150.35499572753906
2024-02-22 05:00:00,2019.699951171875,,,,5087.02978515625,78.61000061035156,
2024-02-23 00:00:00,,1.0825674533843994,2921.658203125,50731.94921875,,,150.48300170898438
2024-02-23 05:00:00,2038.5999755859375,,,,5088.7998046875,76.48999786376953,
2024-02-24 00:00:00,,,2992.385986328125,51571.1015625,,,
2024-02-25 00:00:00,,,3112.697265625,51733.23828125,,,
2024-02-26 00:00:00,,1.0820051431655884,3178.99365234375,54522.40234375,,,150.4980010986328
2024-02-26 05:00:00,2028.5,,,,5069.52978515625,77.58000183105469,
2024-02-27 00:00:00,,1.0850930213928223,3244.519287109375,57085.37109375,,,150.5659942626953
2024-02-27 05:00:00,2034.0,,,,5078.18017578125,78.87000274658203,
2024-02-28 00:00:00,,1.084481120109558,3385.703857421875,62504.7890625,,,150.4949951171875
2024-02-28 05:00:00,2033.0,,,,5069.759765625,78.54000091552734,
2024-02-29 00:00:00,,1.0838816165924072,3341.919677734375,61198.3828125,,,150.656005859375
2024-02-29 05:00:00,2045.699951171875,,,,5096.27001953125,78.26000213623047,
2024-03-01 00:00:00,,1.0804970264434814,3435.053955078125,62440.6328125,,,150.09500122070312
2024-03-01 05:00:00,2086.89990234375,,,,5137.080078125,79.97000122070312,
2024-03-02 00:00:00,,,3422.0498046875,62029.84765625,,,
2024-03-03 00:00:00,,,3490.99365234375,63167.37109375,,,
2024-03-04 00:00:00,,1.084269404411316,3630.433837890625,68330.4140625,,,150.10499572753906
2024-03-04 05:00:00,2117.699951171875,,,,5130.9501953125,78.73999786376953,
2024-03-05 00:00:00,,1.0855170488357544,3554.964599609375,63801.19921875,,,150.46600341796875
2024-03-05 05:00:00,2133.5,,,,5078.64990234375,78.1500015258789,
2024-03-06 00:00:00,,1.0855995416641235,3819.226318359375,66106.8046875,,,150.0489959716797
2024-03-06 05:00:00,2150.300048828125,,,,5104.759765625,79.12999725341797,
2024-03-07 00:00:00,,1.089953899383545,3874.34765625,66925.484375,,,149.2689971923828
2024-03-07 05:00:00,2158.0,,,,5157.35986328125,78.93000030517578,
2024-03-08 00:00:00,,1.0950144529342651,3892.06103515625,68300.09375,,,147.8679962158203
2024-03-08 05:00:00,2178.60009765625,,,,5123.68994140625,78.01000213623047,
2024-03-09 00:00:00,,,3915.4189453125,68498.8828125,,,
2024-03-10 00:00:00,,,3881.193115234375,69019.7890625,,,
2024-03-11 00:00:00,,1.0942955017089844,4066.445068359375,72123.90625,,,146.7740020751953
2024-03-11 04:00:00,2182.5,,,,5117.93994140625,77.93000030517578,
2024-03-12 00:00:00,,1.093135118484497,3980.273193359375,71481.2890625,,,146.73199462890625
2024-03-12 04:00:00,2160.39990234375,,,,5175.27001953125,77.55999755859375,
2024-03-13 00:00:00,,1.0927767753601074,4006.45703125,73083.5,,,147.61900329589844
2024-03-13 04:00:00,2175.39990234375,,,,5165.31005859375,79.72000122070312,
2024-03-14 00:00:00,,1.0955302715301514,3883.140380859375,71396.59375,,,147.62100219726562
2024-03-14 04:00:00,2163.0,,,,5150.47998046875,81.26000213623047,
2024-03-15 00:00:00,,1.0883406400680542,3735.22021484375,69403.7734375,,,148.29600524902344
2024-03-15 04:00:00,2157.300048828125,,,,5117.08984375,81.04000091552734,
2024-03-16 00:00:00,,,3522.860107421875,65315.1171875,,,
2024-03-17 00:00:00,,,3642.4130859375,68390.625,,,
2024-03-18 00:00:00,,1.0882576704025269,3517.985107421875,67548.59375,,,148.9550018310547
2024-03-18 04:00:00,2160.699951171875,,,,5149.419921875,82.72000122070312,
2024-03-19 00:00:00,,1.087393879890442,3157.6181640625,61912.7734375,,,149.1439971923828
2024-03-19 04:00:00,2156.300048828125,,,,5178.509765625,83.47000122070312,
2024-03-20 00:00:00,,1.0863306522369385,3513.39306640625,67913.671875,,,151.03500366210938
2024-03-20 04:00:00,2157.89990234375,,,,5224.6201171875,81.68000030517578,
2024-03-21 00:00:00,,1.0937210321426392,3492.9912109375,65491.390625,,,150.75999450683594
2024-03-21 04:00:00,2182.39990234375,,,,5241.52978515625,81.06999969482422,
2024-03-22 00:00:00,,1.0862362384796143,3333.68798828125,63778.76171875,,,151.63299560546875
2024-03-22 04:00:00,2158.10009765625,,,,5234.18017578125,80.62999725341797,
2024-03-23 00:00:00,,,3336.593994140625,64062.203125,,,
2024-03-24 00:00:00,,,3454.636474609375,67234.171875,,,
2024-03-25 00:00:00,,1.0807539224624634,3590.8837890625,69958.8125,,,151.30499267578125
2024-03-25 04:00:00,2174.800048828125,,,,5218.18994140625,81.94999694824219,
2024-03-26 00:00:00,,1.0838228464126587,3587.5048828125,69987.8359375,,,151.3730010986328
2024-03-26 04:00:00,2175.60009765625,,,,5203.580078125,81.62000274658203,
2024-03-27 00:00:00,,1.0832358598709106,3500.115234375,69455.34375,,,151.52999877929688
2024-03-27 04:00:00,2190.60009765625,,,,5248.490234375,81.3499984741211,
2024-03-28 00:00:00,,1.0813382863998413,3561.2939453125,70744.953125,,,151.28700256347656
2024-03-28 04:00:00,2217.39990234375,,,,5254.35009765625,83.16999816894531,
2024-03-29 00:00:00,,1.0794472694396973,3511.80615234375,69892.828125,,,151.44000244140625
2024-03-30 00:00:00,,,3507.9443359375,69645.3046875,,,
2024-03-31 00:00:00,,,3647.8564453125,71333.6484375,,,
2024-03-31 23:00:00,,1.0792726278305054,,,,,151.3979949951172
2024-04-01 00:00:00,,,3505.030029296875,69702.1484375,,,
2024-04-01 04:00:00,2236.5,,,,5243.77001953125,83.70999908447266,
2024-04-01 23:00:00,,1.0737217664718628,,,,,151.58099365234375
2024-04-02 00:00:00,,,3277.234619140625,65446.97265625,,,
2024-04-02 04:00:00,2261.0,,,,5205.81005859375,85.1500015258789,
2024-04-02 23:00:00,,1.076855182647705,,,,,151.5399932861328
2024-04-03 00:00:00,,,3311.44189453125,65980.8125,,,
2024-04-03 04:00:00,2294.39990234375,,,,5211.490234375,85.43000030517578,
2024-04-03 23:00:00,,1.0838346481323242,,,,,151.58099365234375
2024-04-04 00:00:00,,,3330.04052734375,68508.84375,,,
2024-04-04 04:00:00,2288.800048828125,,,,5147.2099609375,86.58999633789062,
2024-04-04 23:00:00,,1.0837054252624512,,,,,151.29200744628906
2024-04-05 00:00:00,,,3318.88525390625,67837.640625,,,
2024-04-05 04:00:00,2325.699951171875,,,,5204.33984375,86.91000366210938,
2024-04-06 00:00:00,,,3354.183837890625,68896.109375,,,
2024-04-07 00:00:00,,,3453.49462890625,69362.5546875,,,
2024-04-07 23:00:00,,1.0830481052398682,,,,,151.69000244140625
2024-04-08 00:00:00,,,3695.292724609375,71631.359375,,,
2024-04-08 04:00:00,2331.699951171875,,,,5202.39013671875,86.43000030517578,
2024-04-08 23:00:00,,1.0863661766052246,,,,,151.84300231933594
2024-04-09 00:00:00,,,3505.163330078125,69139.015625,,,
2024-04-09 04:00:00,2343.5,,,,5209.91015625,85.2300033569336,
2024-04-09 23:00:00,,1.0859296321868896,,,,,151.77699279785156
2024-04-10 00:00:00,,,3543.737060546875,70587.8828125,,,
2024-04-10 04:00:00,2329.60009765625,,,,5160.64013671875,86.20999908447266,
2024-04-10 23:00:00,,1.074171543121338,,,,,152.96400451660156
2024-04-11 00:00:00,,,3505.247802734375,70060.609375,,,
2024-04-11 04:00:00,2354.800048828125,,,,5199.06005859375,85.0199966430664,
2024-04-11 23:00:00,,1.0726851224899292,,,,,153.19200134277344
2024-04-12 00:00:00,,,3243.034912109375,67195.8671875,,,
2024-04-12 04:00:00,2356.199951171875,,,,5123.41015625,85.66000366210938,
2024-04-13 00:00:00,,,3004.900390625,63821.47265625,,,
2024-04-14 00:00:00,,,3156.94189453125,65738.7265625,,,
2024-04-14 23:00:00,,1.0649627447128296,,,,,153.2830047607422
2024-04-15 00:00:00,,,3101.600341796875,63426.2109375,,,
2024-04-15 04:00:00,2365.800048828125,,,,5061.81982421875,85.41000366210938,
2024-04-15 23:00:00,,1.0625749826431274,,,,,154.20599365234375
2024-04-16 00:00:00,,,3084.920166015625,63811.86328125,,,
2024-04-16 04:00:00,2390.800048828125,,,,5051.41015625,85.36000061035156,
2024-04-16 23:00:00,,1.0621461868286133,,,,,154.697998046875
2024-04-17 00:00:00,,,2984.7275390625,61276.69140625,,,
2024-04-17 04:00:00,2371.699951171875,,,,5022.2099609375,82.69000244140625,
2024-04-17 23:00:00,,1.0669398307800293,,,,,154.3419952392578
2024-04-18 00:00:00,,,3066.027587890625,63512.75390625,,,
2024-04-18 04:00:00,2382.300048828125,,,,5011.1201171875,82.7300033569336,
2024-04-18 23:00:00,,1.0644185543060303,,,,,154.61000061035156
2024-04-19 00:00:00,,,3059.278564453125,63843.5703125,,,
2024-04-19 04:00:00,2398.39990234375,,,,4967.22998046875,83.13999938964844,
2024-04-20 00:00:00,,,3157.627197265625,64994.44140625,,,
2024-04-21 00:00:00,,,3147.28857421875,64926.64453125,,,
2024-04-21 23:00:00,,1.065825343132019,,,,,154.63999938964844
2024-04-22 00:00:00,,,3201.652099609375,66837.6796875,,,
2024-04-22 04:00:00,2332.199951171875,,,,5010.60009765625,82.8499984741211,
2024-04-22 23:00:00,,1.065405249595642,,,,,154.81300354003906
2024-04-23 00:00:00,,,3219.91162109375,66407.2734375,,,
2024-04-23 04:00:00,2327.699951171875,,,,5070.5498046875,83.36000061035156,
2024-04-23 23:00:00,,1.0704345703125,,,,,154.74400329589844
2024-04-24 00:00:00,,,3139.80517578125,64276.8984375,,,
2024-04-24 04:00:00,2324.5,,,,5071.6298828125,82.80999755859375,
2024-04-24 23:00:00,,1.0699878931045532,,,,,155.25900268554688
2024-04-25 00:00:00,,,3156.509521484375,64481.70703125,,,
2024-04-25 04:00:00,2329.800048828125,,,,5048.419921875,83.56999969482422,
2024-04-25 23:00:00,,1.072961449623108,,,,,155.5970001220703
2024-04-26 00:00:00,,,3130.164794921875,63755.3203125,,,
2024-04-26 04:00:00,2334.800048828125,,,,5099.9599609375,83.8499984741211,
2024-04-27 00:00:00,,,3252.168212890625,63419.140625,,,
2024-04-28 00:00:00,,,3262.774658203125,63113.23046875,,,
2024-04-28 23:00:00,,1.0706866979599,,,,,158.2239990234375
2024-04-29 00:00:00,,,3215.428955078125,63841.12109375,,,
2024-04-29 04:00:00,2345.39990234375,,,,5116.169921875,82.62999725341797,
2024-04-29 23:00:00,,1.0715701580047607,,,,,156.31399536132812
2024-04-30 00:00:00,,,3012.286865234375,60636.85546875,,,
2024-04-30 04:00:00,2291.39990234375,,,,5035.68994140625,81.93000030517578,
2024-04-30 23:00:00,,1.0666552782058716,,,,,157.7220001220703
2024-05-01 00:00:00,,,2969.78466796875,58254.01171875,,,
2024-05-01 04:00:00,2299.89990234375,,,,5018.39013671875,79.0,
2024-05-01 23:00:00,,1.0721560716629028,,,,,155.70399475097656
2024-05-02 00:00:00,,,2988.16845703125,59123.43359375,,,
2024-05-02 04:00:00,2299.199951171875,,,,5064.2001953125,78.94999694824219,
2024-05-02 23:00:00,,1.073306918144226,,,,,153.0449981689453
2024-05-03 00:00:00,,,3103.5419921875,62889.8359375,,,
2024-05-03 04:00:00,2299.0,,,,5127.7900390625,78.11000061035156,
2024-05-04 00:00:00,,,3117.576416015625,63891.47265625,,,
2024-05-05 00:00:00,,,3137.2490234375,64031.1328125,,,
2024-05-05 23:00:00,,1.0758124589920044,,,,,153.5659942626953
2024-05-06 00:00:00,,,3062.728759765625,63161.94921875,,,
2024-05-06 04:00:00,2321.60009765625,,,,5180.740234375,78.4800033569336,
2024-05-06 23:00:00,,1.0767507553100586,,,,,154.23699951171875
2024-05-07 00:00:00,,,3006.5771484375,62334.81640625,,,
2024-05-07 04:00:00,2315.199951171875,,,,5187.7001953125,78.37999725341797,
2024-05-07 23:00:00,,1.0750491619110107,,,,,154.7480010986328
2024-05-08 00:00:00,,,2973.6572265625,61187.94140625,,,
2024-05-08 04:00:00,2313.60009765625,,,,5187.669921875,78.98999786376953,
2024-05-08 23:00:00,,1.0746910572052002,,,,,155.41900634765625
2024-05-09 00:00:00,,,3036.0205078125,63049.9609375,,,
2024-05-09 04:00:00,2332.10009765625,,,,5214.080078125,79.26000213623047,
2024-05-09 23:00:00,,1.078515887260437,,,,,155.38900756835938
2024-05-10 00:00:00,,,2909.791259765625,60792.77734375,,,
2024-05-10 04:00:00,2367.300048828125,,,,5222.68017578125,78.26000213623047,
2024-05-11 00:00:00,,,2911.60205078125,60793.7109375,,,
2024-05-12 00:00:00,,,2928.701904296875,61448.39453125,,,
2024-05-12 23:00:00,,1.077040672302246,,,,,155.8179931640625
2024-05-13 00:00:00,,,2949.359619140625,62901.44921875,,,
2024-05-13 04:00:00,2336.10009765625,,,,5221.419921875,79.12000274658203,
2024-05-13 23:00:00,,1.079354166984558,,,,,156.23300170898438
2024-05-14 00:00:00,,,2881.157958984375,61552.7890625,,,
2024-05-14 04:00:00,2353.39990234375,,,,5246.68017578125,78.0199966430664,
2024-05-14 23:00:00,,1.0814552307128906,,,,,156.4980010986328
2024-05-15 00:00:00,,,3037.056640625,66267.4921875,,,
2024-05-15 04:00:00,2388.699951171875,,,,5308.14990234375,78.62999725341797,
2024-05-15 23:00:00,,1.0889805555343628,,,,,154.28199768066406
2024-05-16 00:00:00,,,2945.131103515625,65231.58203125,,,
2024-05-16 04:00:00,2380.0,,,,5297.10009765625,79.2300033569336,
2024-05-16 23:00:00,,1.0867793560028076,,,,,155.37899780273438
2024-05-17 00:00:00,,,3094.11865234375,67051.875,,,
2024-05-17 04:00:00,2412.199951171875,,,,5303.27001953125,80.05999755859375,
2024-05-18 00:00:00,,,3122.948974609375,66940.8046875,,,
2024-05-19 00:00:00,,,3071.843017578125,66278.3671875,,,
2024-05-19 23:00:00,,1.0875475406646729,,,,,155.75399780273438
2024-05-20 00:00:00,,,3663.85546875,71448.1953125,,,
2024-05-20 04:00:00,2433.89990234375,,,,5308.1298828125,79.80000305175781,
2024-05-20 23:00:00,,1.086082935333252,,,,,156.3699951171875
2024-05-21 00:00:00,,,3789.312744140625,70136.53125,,,
2024-05-21 04:00:00,2421.699951171875,,,,5321.41015625,79.26000213623047,
2024-05-21 23:00:00,,1.0855170488357544,,,,,156.25100708007812
2024-05-22 00:00:00,,,3737.2177734375,69122.3359375,,,
2024-05-22 04:00:00,2389.199951171875,,,,5307.009765625,77.56999969482422,
2024-05-22 23:00:00,,1.0825204849243164,,,,,156.70399475097656
2024-05-23 00:00:00,,,3776.92724609375,67929.5625,,,
2024-05-23 04:00:00,2335.0,,,,5267.83984375,76.87000274658203,
2024-05-23 23:00:00,,1.0812681913375854,,,,,156.97300720214844
2024-05-24 00:00:00,,,3726.9345703125,68526.1015625,,,
2024-05-24 04:00:00,2332.5,,,,5304.72021484375,77.72000122070312,
2024-05-25 00:00:00,,,3749.236572265625,69265.9453125,,,
2024-05-26 00:00:00,,,3825.8974609375,68518.09375,,,
2024-05-26 23:00:00,,1.0847634077072144,,,,,156.8699951171875
2024-05-27 00:00:00,,,3892.0068359375,69394.5546875,,,
2024-05-27 23:00:00,,1.0861891508102417,,,,,156.84500122070312
2024-05-28 00:00:00,,,3840.25634765625,68296.21875,,,
2024-05-28 04:00:00,2355.199951171875,,,,5306.0400390625,79.83000183105469,
2024-05-28 23:00:00,,1.0851871967315674,,,,,157.26199340820312
2024-05-29 00:00:00,,,3763.196533203125,67578.09375,,,
2024-05-29 04:00:00,2340.300048828125,,,,5266.9501953125,79.2300033569336,
2024-05-29 23:00:00,,1.0801819562911987,,,,,157.60800170898438
2024-05-30 00:00:00,,,3746.849609375,68364.9921875,,,
2024-05-30 04:00:00,2342.89990234375,,,,5235.47998046875,77.91000366210938,
2024-05-30 23:00:00,,1.0835410356521606,,,,,156.9530029296875
2024-05-31 00:00:00,,,3760.026611328125,67491.4140625,,,
2024-05-31 04:00:00,2322.89990234375,,,,5277.509765625,76.98999786376953,
2024-06-01 00:00:00,,,3813.198974609375,67706.9375,,,
2024-06-02 00:00:00,,,3780.89599609375,67751.6015625,,,
2024-06-02 23:00:00,,1.0853049755096436,,,,,157.17999267578125
2024-06-03 00:00:00,,,3766.38916015625,68804.78125,,,
2024-06-03 04:00:00,2346.60009765625,,,,5283.39990234375,74.22000122070312,
2024-06-03 23:00:00,,1.0907385349273682,,,,,156.0760040283203
2024-06-04 00:00:00,,,3812.515869140625,70567.765625,,,
2024-06-04 04:00:00,2325.5,,,,5291.33984375,73.25,
2024-06-04 23:00:00,,1.0881866216659546,,,,,155.12399291992188
2024-06-05 00:00:00,,,3864.260986328125,71082.8203125,,,
2024-06-05 04:00:00,2354.10009765625,,,,5354.02978515625,74.06999969482422,
2024-06-05 23:00:00,,1.087453007698059,,,,,155.9290008544922
2024-06-06 00:00:00,,,3811.60595703125,70757.1640625,,,
2024-06-06 04:00:00,2370.300048828125,,,,5352.9599609375,75.55000305175781,
2024-06-06 23:00:00,,1.0894432067871094,,,,,155.69700622558594
2024-06-07 00:00:00,,,3678.629150390625,69342.5859375,,,
2024-06-07 04:00:00,2305.199951171875,,,,5346.990234375,75.52999877929688,
2024-06-08 00:00:00,,,3680.949951171875,69305.7734375,,,
2024-06-09 00:00:00,,,3705.90380859375,69647.9921875,,,
2024-06-09 23:00:00,,1.0778882503509521,,,,,156.83299255371094
2024-06-10 00:00:00,,,3666.717529296875,69512.28125,,,
2024-06-10 04:00:00,2307.699951171875,,,,5360.7900390625,77.73999786376953,
2024-06-10 23:00:00,,1.0764262676239014,,,,,157.0399932861328
2024-06-11 00:00:00,,,3498.33056640625,67332.03125,,,
2024-06-11 04:00:00,2307.5,,,,5375.31982421875,77.9000015258789,
2024-06-11 23:00:00,,1.0740330219268799,,,,,157.10499572753906
2024-06-12 00:00:00,,,3559.61767578125,68241.1875,,,
2024-06-12 04:00:00,2336.0,,,,5421.02978515625,78.5,
2024-06-12 23:00:00,,1.0813149213790894,,,,,156.8000030517578
2024-06-13 00:00:00,,,3469.28125,66756.3984375,,,
2024-06-13 04:00:00,2300.199951171875,,,,5433.740234375,78.62000274658203,
2024-06-13 23:00:00,,1.0738831758499146,,,,,157.1280059814453
2024-06-14 00:00:00,,,3480.27197265625,66011.09375,,,
2024-06-14 04:00:00,2331.39990234375,,,,5431.60009765625,78.44999694824219,
2024-06-15 00:00:00,,,3565.549560546875,66191.0,,,
2024-06-16 00:00:00,,,3620.5634765625,66639.046875,,,
2024-06-16 23:00:00,,1.0702168941497803,,,,,157.54600524902344
2024-06-17 00:00:00,,,3511.37890625,66490.296875,,,
2024-06-17 04:00:00,2312.39990234375,,,,5473.22998046875,80.33000183105469,
2024-06-17 23:00:00,,1.0740677118301392,,,,,157.6999969482422
2024-06-18 00:00:00,,,3483.681396484375,65140.74609375,,,
2024-06-18 04:00:00,2330.39990234375,,,,5487.02978515625,81.56999969482422,
2024-06-18 23:00:00,,1.0742292404174805,,,,,157.87100219726562
2024-06-19 00:00:00,,,3559.347412109375,64960.296875,,,
2024-06-19 23:00:00,,1.0751532316207886,,,,,157.95799255371094
2024-06-20 00:00:00,,,3511.0869140625,64828.65625,,,
2024-06-20 04:00:00,2353.800048828125,,,,5473.169921875,82.16999816894531,
2024-06-20 23:00:00,,1.0706409215927124,,,,,158.93099975585938
2024-06-21 00:00:00,,,3516.07568359375,64096.19921875,,,
2024-06-21 04:00:00,2316.39990234375,,,,5464.6201171875,80.7300033569336,
2024-06-22 00:00:00,,,3494.8134765625,64252.578125,,,
2024-06-23 00:00:00,,,3418.61181640625,63180.796875,,,
2024-06-23 23:00:00,,1.0687757730484009,,,,,159.86099243164062
2024-06-24 00:00:00,,,3350.25634765625,60277.4140625,,,
2024-06-24 04:00:00,2330.0,,,,5447.8701171875,81.62999725341797,
2024-06-24 23:00:00,,1.0732723474502563,,,,,159.68600463867188
2024-06-25 00:00:00,,,3395.029052734375,61804.640625,,,
2024-06-25 04:00:00,2316.60009765625,,,,5469.2998046875,80.83000183105469,
2024-06-25 23:00:00,,1.0709619522094727,,,,,159.68600463867188
2024-06-26 00:00:00,,,3369.477294921875,60811.27734375,,,
2024-06-26 04:00:00,2299.199951171875,,,,5477.89990234375,80.9000015258789,
2024-06-26 23:00:00,,1.068010926246643,,,,,160.62100219726562
2024-06-27 00:00:00,,,3444.800537109375,61604.80078125,,,
2024-06-27 04:00:00,2324.5,,,,5482.8701171875,81.73999786376953,
2024-06-27 23:00:00,,1.0708472728729248,,,,,160.68699645996094
2024-06-28 00:00:00,,,3373.635986328125,60320.13671875,,,
2024-06-28 04:00:00,2327.699951171875,,,,5460.47998046875,81.54000091552734,
2024-06-29 00:00:00,,,3372.9677734375,60887.37890625,,,
2024-06-30 00:00:00,,,3432.88916015625,62678.29296875,,,
2024-06-30 23:00:00,,1.0735257863998413,,,,,160.90699768066406
2024-07-01 00:00:00,,,3440.341552734375,62851.98046875,,,
2024-07-01 04:00:00,2327.60009765625,,,,5475.08984375,83.37999725341797,
2024-07-01 23:00:00,,1.0737102031707764,,,,,161.51199340820312
2024-07-02 00:00:00,,,3416.354736328125,62029.015625,,,
2024-07-02 04:00:00,2323.0,,,,5509.009765625,82.80999755859375,
2024-07-02 23:00:00,,1.0748412609100342,,,,,161.50399780273438
2024-07-03 00:00:00,,,3292.916748046875,60173.921875,,,
2024-07-03 04:00:00,2359.800048828125,,,,5537.02001953125,83.87999725341797,
2024-07-03 23:00:00,,1.0793308019638062,,,,,161.62100219726562
2024-07-04 00:00:00,,,3054.52197265625,56977.703125,,,
2024-07-04 23:00:00,,1.0810693502426147,,,,,161.35800170898438
2024-07-05 00:00:00,,,2981.5986328125,56662.375,,,
2024-07-05 04:00:00,2388.5,,,,5567.18994140625,83.16000366210938,
2024-07-06 00:00:00,,,3069.3779296875,58303.5390625,,,
2024-07-07 00:00:00,,,2929.38720703125,55849.109375,,,
2024-07-07 23:00:00,,1.082602620124817,,,,,160.63800048828125
2024-07-08 00:00:00,,,3018.73193359375,56705.09765625,,,
2024-07-08 04:00:00,2355.199951171875,,,,5572.85009765625,82.33000183105469,
2024-07-08 23:00:00,,1.0830950736999512,,,,,160.85699462890625
2024-07-09 00:00:00,,,3064.032958984375,58009.2265625,,,
2024-07-09 04:00:00,2360.10009765625,,,,5576.97998046875,81.41000366210938,
2024-07-09 23:00:00,,1.0814785957336426,,,,,161.33099365234375
2024-07-10 00:00:00,,,3102.21875,57742.49609375,,,
2024-07-10 04:00:00,2372.199951171875,,,,5633.91015625,82.0999984741211,
2024-07-10 23:00:00,,1.083329677581787,,,,,161.60699462890625
2024-07-11 00:00:00,,,3100.330810546875,57344.9140625,,,
2024-07-11 04:00:00,2415.0,,,,5584.5400390625,82.62000274658203,
2024-07-11 23:00:00,,1.0872756242752075,,,,,158.2010040283203
2024-07-12 00:00:00,,,3134.15869140625,57899.46484375,,,
2024-07-12 04:00:00,2414.0,,,,5615.35009765625,82.20999908447266,
2024-07-13 00:00:00,,,3177.19873046875,59231.953125,,,
2024-07-14 00:00:00,,,3244.0791015625,60787.79296875,,,
2024-07-14 23:00:00,,1.0885539054870605,,,,,158.31300354003906
2024-07-15 00:00:00,,,3489.552734375,64870.15234375,,,
2024-07-15 04:00:00,2422.89990234375,,,,5631.22021484375,81.91000366210938,
2024-07-15 23:00:00,,1.0901559591293335,,,,,158.14100646972656
2024-07-16 00:00:00,,,3443.513427734375,65097.1484375,,,
2024-07-16 04:00:00,2462.39990234375,,,,5667.2001953125,80.76000213623047,
2024-07-16 23:00:00,,1.0902509689331055,,,,,158.35000610351562
2024-07-17 00:00:00,,,3388.75244140625,64118.79296875,,,
2024-07-17 04:00:00,2454.800048828125,,,,5588.27001953125,82.8499984741211,
2024-07-17 23:00:00,,1.094020128250122,,,,,155.68600463867188
2024-07-18 00:00:00,,,3426.258544921875,63974.06640625,,,
2024-07-18 04:00:00,2451.800048828125,,,,5544.58984375,82.81999969482422,
2024-07-18 23:00:00,,1.0901559591293335,,,,,157.14999389648438
2024-07-19 00:00:00,,,3505.73486328125,66710.15625,,,
2024-07-19 04:00:00,2395.5,,,,5505.0,80.12999725341797,
2024-07-20 00:00:00,,,3519.29541015625,67163.6484375,,,
2024-07-21 00:00:00,,,3536.60546875,68154.5234375,,,
2024-07-21 23:00:00,,1.0899182558059692,,,,,157.4219970703125
2024-07-22 00:00:00,,,3440.419921875,67585.25,,,
2024-07-22 04:00:00,2392.0,,,,5564.41015625,79.77999877929688,
2024-07-22 23:00:00,,1.0889805555343628,,,,,156.89100646972656
2024-07-23 00:00:00,,,3481.995849609375,65927.671875,,,
2024-07-23 04:00:00,2404.60009765625,,,,5555.740234375,76.95999908447266,
2024-07-23 23:00:00,,1.0850694179534912,,,,,155.76800537109375
2024-07-24 00:00:00,,,3336.33935546875,65372.1328125,,,
2024-07-24 04:00:00,2413.300048828125,,,,5427.1298828125,77.58999633789062,
2024-07-24 23:00:00,,1.0839520692825317,,,,,153.89100646972656
2024-07-25 00:00:00,,,3174.42724609375,65777.2265625,,,
2024-07-25 04:00:00,2351.89990234375,,,,5399.22021484375,78.27999877929688,
2024-07-25 23:00:00,,1.0851283073425293,,,,,153.69700622558594
2024-07-26 00:00:00,,,3275.951416015625,67912.0625,,,
2024-07-26 04:00:00,2380.0,,,,5459.10009765625,77.16000366210938,
2024-07-27 00:00:00,,,3247.60791015625,67813.3359375,,,
2024-07-28 00:00:00,,,3271.464599609375,68255.8671875,,,
2024-07-28 23:00:00,,1.0853756666183472,,,,,154.13900756835938
2024-07-29 00:00:00,,,3320.539306640625,66819.9140625,,,
2024-07-29 04:00:00,2377.300048828125,,,,5463.5400390625,75.80999755859375,
2024-07-29 23:00:00,,1.081946611404419,,,,,153.83299255371094
2024-07-30 00:00:00,,,3278.667724609375,66201.015625,,,
2024-07-30 04:00:00,2405.0,,,,5436.43994140625,74.7300033569336,
2024-07-30 23:00:00,,1.0816072225570679,,,,,152.6699981689453
2024-07-31 00:00:00,,,3231.295654296875,64619.25,,,
2024-07-31 04:00:00,2426.5,,,,5522.2998046875,77.91000366210938,
2024-07-31 23:00:00,,1.082391619682312,,,,,149.74400329589844
2024-08-01 00:00:00,,,3201.564453125,65357.5,,,
2024-08-01 04:00:00,2435.0,,,,5446.68017578125,76.30999755859375,
2024-08-01 23:00:00,,1.0787602663040161,,,,,149.2010040283203
2024-08-02 00:00:00,,,2986.01318359375,61415.06640625,,,
2024-08-02 04:00:00,2425.699951171875,,,,5346.56005859375,73.5199966430664,
2024-08-03 00:00:00,,,2903.3857421875,60680.09375,,,
2024-08-04 00:00:00,,,2686.39892578125,58116.9765625,,,
2024-08-04 23:00:00,,1.0910836458206177,,,,,145.58399963378906
2024-08-05 00:00:00,,,2417.206298828125,53991.45703125,,,
2024-08-05 04:00:00,2401.699951171875,,,,5186.330078125,72.94000244140625,
2024-08-05 23:00:00,,1.0950982570648193,,,,,145.7899932861328
2024-08-06 00:00:00,,,2458.723876953125,56034.31640625,,,
2024-08-06 04:00:00,2389.10009765625,,,,5240.02978515625,73.19999694824219,
2024-08-06 23:00:00,,1.0926215648651123,,,,,144.73199462890625
2024-08-07 00:00:00,,,2336.58935546875,55027.4609375,,,
2024-08-07 04:00:00,2390.5,,,,5199.5,75.2300033569336,
2024-08-07 23:00:00,,1.0928125381469727,,,,,146.12399291992188
2024-08-08 00:00:00,,,2683.352783203125,61710.13671875,,,
2024-08-08 04:00:00,2422.199951171875,,,,5319.31005859375,76.19000244140625,
2024-08-08 23:00:00,,1.0915720462799072,,,,,147.66900634765625
2024-08-09 00:00:00,,,2599.5986328125,60880.11328125,,,
2024-08-09 04:00:00,2432.10009765625,,,,5344.16015625,76.83999633789062,
2024-08-10 00:00:00,,,2610.02294921875,60945.8125,,,
2024-08-11 00:00:00,,,2553.252197265625,58719.484375,,,
2024-08-11 23:00:00,,1.091381311416626,,,,,147.04200744628906
2024-08-12 00:00:00,,,2724.431884765625,59354.515625,,,
2024-08-12 04:00:00,2462.39990234375,,,,5344.39013671875,80.05999755859375,
2024-08-12 23:00:00,,1.0936251878738403,,,,,146.98199462890625
2024-08-13 00:00:00,,,2703.671875,60609.56640625,,,
2024-08-13 04:00:00,2466.699951171875,,,,5434.43017578125,78.3499984741211,
2024-08-13 23:00:00,,1.0996986627578735,,,,,146.9709930419922
2024-08-14 00:00:00,,,2662.914794921875,58737.26953125,,,
2024-08-14 04:00:00,2439.39990234375,,,,5455.2099609375,76.9800033569336,
2024-08-14 23:00:00,,1.1013215780258179,,,,,147.2530059814453
2024-08-15 00:00:00,,,2570.087646484375,57560.09765625,,,
2024-08-15 04:00:00,2453.10009765625,,,,5543.22021484375,78.16000366210938,
2024-08-15 23:00:00,,1.0972732305526733,,,,,149.2220001220703
2024-08-16 00:00:00,,,2593.1865234375,58894.10546875,,,
2024-08-16 04:00:00,2498.60009765625,,,,5554.25,76.6500015258789,
2024-08-17 00:00:00,,,2614.546875,59478.97265625,,,
2024-08-18 00:00:00,,,2613.357177734375,58483.96484375,,,
2024-08-18 23:00:00,,1.1024993658065796,,,,,147.95599365234375
2024-08-19 00:00:00,,,2637.306396484375,59493.453125,,,
2024-08-19 04:00:00,2501.800048828125,,,,5608.25,74.37000274658203,
2024-08-19 23:00:00,,1.1086474657058716,,,,,146.69900512695312
2024-08-20 00:00:00,,,2573.10693359375,59012.79296875,,,
2024-08-20 04:00:00,2511.300048828125,,,,5597.1201171875,74.04000091552734,
2024-08-20 23:00:00,,1.112792730331421,,,,,145.3470001220703
2024-08-21 00:00:00,,,2631.3955078125,61175.19140625,,,
2024-08-21 04:00:00,2508.39990234375,,,,5620.85009765625,71.93000030517578,
2024-08-21 23:00:00,,1.115536093711853,,,,,145.1179962158203
2024-08-22 00:00:00,,,2622.951416015625,60381.9140625,,,
2024-08-22 04:00:00,2478.89990234375,,,,5570.64013671875,73.01000213623047,
2024-08-22 23:00:00,,1.111716389656067,,,,,146.20199584960938
2024-08-23 00:00:00,,,2764.447021484375,64094.35546875,,,
2024-08-23 04:00:00,2508.39990234375,,,,5634.60986328125,74.83000183105469,
2024-08-24 00:00:00,,,2769.3896484375,64178.9921875,,,
2024-08-25 00:00:00,,,2749.15771484375,64333.54296875,,,
2024-08-25 23:00:00,,1.1187934875488281,,,,,144.0
2024-08-26 00:00:00,,,2681.340576171875,62880.66015625,,,
2024-08-26 04:00:00,2517.699951171875,,,,5616.83984375,77.41999816894531,
2024-08-26 23:00:00,,1.1164700984954834,,,,,144.51600646972656
2024-08-27 00:00:00,,,2458.7265625,59504.1328125,,,
2024-08-27 04:00:00,2516.0,,,,5625.7998046875,75.52999877929688,
2024-08-27 23:00:00,,1.117793083190918,,,,,143.97500610351562
2024-08-28 00:00:00,,,2528.41552734375,59027.625,,,
2024-08-28 04:00:00,2501.0,,,,5592.18017578125,74.5199966430664,
2024-08-28 23:00:00,,1.1124955415725708,,,,,144.43299865722656
2024-08-29 00:00:00,,,2528.792724609375,59388.1796875,,,
2024-08-29 04:00:00,2525.699951171875,,,,5591.9599609375,75.91000366210938,
2024-08-29 23:00:00,,1.1080454587936401,,,,,144.88999938964844
2024-08-30 00:00:00,,,2525.822021484375,59119.4765625,,,
2024-08-30 04:00:00,2493.800048828125,,,,5648.39990234375,73.55000305175781,
2024-08-31 00:00:00,,,2513.393798828125,58969.8984375,,,
2024-09-01 00:00:00,,,2427.90234375,57325.48828125,,,
2024-09-01 23:00:00,,1.1044842004776,,,,,146.38099670410156
2024-09-02 00:00:00,,,2538.187255859375,59112.48046875,,,
2024-09-02 23:00:00,,1.1067456007003784,,,,,146.7220001220703
2024-09-03 00:00:00,,,2420.603759765625,57431.0234375,,,
2024-09-03 04:00:00,2489.89990234375,,,,5528.93017578125,70.33999633789062,
2024-09-03 23:00:00,,1.1048868894577026,,,,,145.35299682617188
2024-09-04 00:00:00,,,2448.97705078125,57971.5390625,,,
2024-09-04 04:00:00,2493.39990234375,,,,5520.06982421875,69.19999694824219,
2024-09-04 23:00:00,,1.1080454587936401,,,,,143.32400512695312
2024-09-05 00:00:00,,,2367.737548828125,56160.48828125,,,
2024-09-05 04:00:00,2511.39990234375,,,,5503.41015625,69.1500015258789,
2024-09-05 23:00:00,,1.1111111640930176,,,,,143.39300537109375
2024-09-06 00:00:00,,,2223.87646484375,53948.75390625,,,
2024-09-06 04:00:00,2493.5,,,,5408.419921875,67.66999816894531,
2024-09-07 00:00:00,,,2274.107177734375,54139.6875,,,
2024-09-08 00:00:00,,,2297.29296875,54841.56640625,,,
2024-09-08 23:00:00,,1.1087212562561035,,,,,142.48599243164062
2024-09-09 00:00:00,,,2358.482177734375,57019.53515625,,,
2024-09-09 04:00:00,2501.800048828125,,,,5471.0498046875,68.70999908447266,
2024-09-09 23:00:00,,1.1037527322769165,,,,,143.177001953125
2024-09-10 00:00:00,,,2389.5810546875,57648.7109375,,,
2024-09-10 04:00:00,2512.300048828125,,,,5495.52001953125,65.75,
2024-09-10 23:00:00,,1.1020983457565308,,,,,142.23399353027344
2024-09-11 00:00:00,,,2339.841552734375,57343.171875,,,
2024-09-11 04:00:00,2512.10009765625,,,,5554.1298828125,67.30999755859375,
2024-09-11 23:00:00,,1.1010911464691162,,,,,142.58999633789062
2024-09-12 00:00:00,,,2361.78173828125,58127.01171875,,,
2024-09-12 04:00:00,2551.199951171875,,,,5595.759765625,68.97000122070312,
2024-09-12 23:00:00,,1.1077877283096313,,,,,141.49899291992188
2024-09-13 00:00:00,,,2441.607177734375,60571.30078125,,,
2024-09-13 04:00:00,2581.300048828125,,,,5626.02001953125,68.6500015258789,
2024-09-14 00:00:00,,,2418.595703125,60005.12109375,,,
2024-09-15 00:00:00,,,2320.897216796875,59182.8359375,,,
2024-09-15 23:00:00,,1.1088441610336304,,,,,140.7899932861328
2024-09-16 00:00:00,,,2295.28369140625,58192.5078125,,,
2024-09-16 04:00:00,2580.39990234375,,,,5633.08984375,70.08999633789062,
2024-09-16 23:00:00,,1.1129536628723145,,,,,140.7899932861328
2024-09-17 00:00:00,,,2341.707763671875,60308.5390625,,,
2024-09-17 04:00:00,2564.300048828125,,,,5634.580078125,71.19000244140625,
2024-09-17 23:00:00,,1.1123099327087402,,,,,142.01499938964844
2024-09-18 00:00:00,,,2369.72900390625,61649.6796875,,,
2024-09-18 04:00:00,2570.699951171875,,,,5618.259765625,70.91000366210938,
2024-09-18 23:00:00,,1.1114816665649414,,,,,142.7100067138672
2024-09-19 00:00:00,,,2464.752197265625,62940.45703125,,,
2024-09-19 04:00:00,2588.0,,,,5713.64013671875,71.94999694824219,
2024-09-19 23:00:00,,1.1161960363388062,,,,,142.85800170898438
2024-09-20 00:00:00,,,2561.072021484375,63192.9765625,,,
2024-09-20 04:00:00,2619.89990234375,,,,5702.5498046875,71.91999816894531,
2024-09-21 00:00:00,,,2615.857177734375,63394.83984375,,,
2024-09-22 00:00:00,,,2582.862548828125,63648.7109375,,,
2024-09-22 23:00:00,,1.1160838603973389,,,,,144.00399780273438
2024-09-23 00:00:00,,,2648.54638671875,63329.80078125,,,
2024-09-23 04:00:00,2626.5,,,,5718.56982421875,70.37000274658203,
2024-09-23 23:00:00,,1.1111727952957153,,,,,143.63800048828125
2024-09-24 00:00:00,,,2654.35498046875,64301.96875,,,
2024-09-24 04:00:00,2651.199951171875,,,,5732.93017578125,71.55999755859375,
2024-09-24 23:00:00,,1.1191190481185913,,,,,142.96299743652344
2024-09-25 00:00:00,,,2579.388671875,63143.14453125,,,
2024-09-25 04:00:00,2659.199951171875,,,,5722.259765625,69.69000244140625,
2024-09-25 23:00:00,,1.1131023168563843,,,,,144.68299865722656
2024-09-26 00:00:00,,,2632.199951171875,65181.01953125,,,
2024-09-26 04:00:00,2669.89990234375,,,,5745.3701171875,67.66999816894531,
2024-09-26 23:00:00,,1.117717981338501,,,,,145.0760040283203
2024-09-27 00:00:00,,,2695.900634765625,65790.6640625,,,
2024-09-27 04:00:00,2644.300048828125,,,,5738.169921875,68.18000030517578,
2024-09-28 00:00:00,,,2677.5390625,65887.6484375,,,
2024-09-29 00:00:00,,,2659.346923828125,65635.3046875,,,
2024-09-29 23:00:00,,1.1169815063476562,,,,,142.7830047607422
2024-09-30 00:00:00,,,2603.062744140625,63329.5,,,
2024-09-30 04:00:00,2636.10009765625,,,,5762.47998046875,68.16999816894531,
2024-09-30 23:00:00,,1.113660216331482,,,,,143.7100067138672
2024-10-01 00:00:00,,,2448.921142578125,60837.0078125,,,
2024-10-01 04:00:00,2667.300048828125,,,,5708.75,69.83000183105469,
2024-10-01 23:00:00,,1.1063904762268066,,,,,143.73599243164062
2024-10-02 00:00:00,,,2365.231689453125,60632.78515625,,,
2024-10-02 04:00:00,2647.10009765625,,,,5709.5400390625,70.0999984741211,
2024-10-02 23:00:00,,1.1048502922058105,,,,,146.58200073242188
2024-10-03 00:00:00,,,2349.791259765625,60759.40234375,,,
2024-10-03 04:00:00,2657.10009765625,,,,5699.93994140625,73.70999908447266,
2024-10-03 23:00:00,,1.103557825088501,,,,,146.83999633789062
2024-10-04 00:00:00,,,2414.7939453125,62067.4765625,,,
2024-10-04 04:00:00,2645.800048828125,,,,5751.06982421875,74.37999725341797,
2024-10-05 00:00:00,,,2415.6318359375,62089.94921875,,,
2024-10-06 00:00:00,,,2439.957763671875,62818.953125,,,
2024-10-06 23:00:00,,1.0974539518356323,,,,,148.82000732421875
2024-10-07 00:00:00,,,2421.796630859375,62236.66015625,,,
2024-10-07 04:00:00,2644.800048828125,,,,5695.93994140625,77.13999938964844,
2024-10-07 23:00:00,,1.0975743532180786,,,,,148.14599609375
2024-10-08 00:00:00,,,2439.8408203125,62131.96875,,,
2024-10-08 04:00:00,2615.0,,,,5751.1298828125,73.56999969482422,
2024-10-08 23:00:00,,1.0975743532180786,,,,,148.15899658203125
2024-10-09 00:00:00,,,2368.283447265625,60582.1015625,,,
2024-10-09 04:00:00,2606.0,,,,5792.0400390625,73.23999786376953,
2024-10-09 23:00:00,,1.0943313837051392,,,,,149.16000366210938
2024-10-10 00:00:00,,,2383.85791015625,60274.5,,,
2024-10-10 04:00:00,2620.60009765625,,,,5780.0498046875,75.8499984741211,
2024-10-10 23:00:00,,1.0933860540390015,,,,,148.70399475097656
2024-10-11 00:00:00,,,2436.513427734375,62445.08984375,,,
2024-10-11 04:00:00,2657.60009765625,,,,5815.02978515625,75.55999755859375,
2024-10-12 00:00:00,,,2476.523193359375,63193.0234375,,,
2024-10-13 00:00:00,,,2467.677001953125,62851.375,,,
2024-10-13 23:00:00,,1.0925379991531372,,,,,149.33399963378906
2024-10-14 00:00:00,,,2628.89990234375,66046.125,,,
2024-10-14 04:00:00,2647.800048828125,,,,5859.85009765625,73.83000183105469,
2024-10-14 23:00:00,,1.0909169912338257,,,,,149.6699981689453
2024-10-15 00:00:00,,,2606.02197265625,67041.109375,,,
2024-10-15 04:00:00,2661.39990234375,,,,5815.259765625,70.58000183105469,
2024-10-15 23:00:00,,1.0884116888046265,,,,,149.0989990234375
2024-10-16 00:00:00,,,2611.10205078125,67612.71875,,,
2024-10-16 04:00:00,2674.0,,,,5842.47021484375,70.38999938964844,
2024-10-16 23:00:00,,1.0862481594085693,,,,,149.5760040283203
2024-10-17 00:00:00,,,2604.2734375,67399.8359375,,,
2024-10-17 04:00:00,2691.0,,,,5841.47021484375,70.66999816894531,
2024-10-17 23:00:00,,1.0829542875289917,,,,,150.10000610351562
2024-10-18 00:00:00,,,2641.55224609375,68418.7890625,,,
2024-10-18 04:00:00,2713.699951171875,,,,5864.669921875,69.22000122070312,
2024-10-19 00:00:00,,,2648.656982421875,68362.734375,,,
2024-10-20 00:00:00,,,2746.364013671875,69001.703125,,,
2024-10-20 23:00:00,,1.0868619680404663,,,,,149.60000610351562
2024-10-21 00:00:00,,,2665.712158203125,67367.8515625,,,
2024-10-21 04:00:00,2723.10009765625,,,,5853.97998046875,70.55999755859375,
2024-10-21 23:00:00,,1.0817828178405762,,,,,150.60499572753906
2024-10-22 00:00:00,,,2620.197509765625,67361.40625,,,
2024-10-22 04:00:00,2744.199951171875,,,,5851.2001953125,72.08999633789062,
2024-10-22 23:00:00,,1.079727053642273,,,,,151.13800048828125
2024-10-23 00:00:00,,,2509.098876953125,66432.1953125,,,
2024-10-23 04:00:00,2714.39990234375,,,,5797.419921875,70.7699966430664,
2024-10-23 23:00:00,,1.0780508518218994,,,,,152.7689971923828
2024-10-24 00:00:00,,,2534.49853515625,68161.0546875,,,
2024-10-24 04:00:00,2734.89990234375,,,,5809.85986328125,70.19000244140625,
2024-10-24 23:00:00,,1.0824151039123535,,,,,151.7830047607422
2024-10-25 00:00:00,,,2435.93408203125,66642.4140625,,,
2024-10-25 04:00:00,2740.89990234375,,,,5808.1201171875,71.77999877929688,
2024-10-26 00:00:00,,,2479.603271484375,67014.6953125,,,
2024-10-27 00:00:00,,,2505.940673828125,67929.296875,,,
2024-10-28 00:00:00,,1.0796570777893066,2565.34814453125,69907.7578125,,,152.95199584960938
2024-10-28 04:00:00,2742.89990234375,,,,5823.52001953125,67.37999725341797,
2024-10-29 00:00:00,,1.0816774368286133,2637.95751953125,72720.4921875,,,153.1790008544922
2024-10-29 04:00:00,2768.39990234375,,,,5832.919921875,67.20999908447266,
2024-10-30 00:00:00,,1.0820636749267578,2657.37255859375,72339.5390625,,,153.2740020751953
2024-10-30 04:00:00,2788.5,,,,5813.669921875,68.61000061035156,
2024-10-31 00:00:00,,1.0859178304672241,2515.79931640625,70215.1875,,,153.20399475097656
2024-10-31 04:00:00,2738.300048828125,,,,5705.4501953125,69.26000213623047,
2024-11-01 00:00:00,,1.0886130332946777,2511.885498046875,69482.46875,,,151.97999572753906
2024-11-01 04:00:00,2738.60009765625,,,,5728.7998046875,69.48999786376953,
2024-11-02 00:00:00,,,2491.068603515625,69289.2734375,,,
2024-11-03 00:00:00,,,2456.42529296875,68741.1171875,,,
2024-11-04 00:00:00,,1.087453007698059,2397.0263671875,67811.5078125,,,152.28700256347656
2024-11-04 05:00:00,2736.10009765625,,,,5712.68994140625,71.47000122070312,
2024-11-05 00:00:00,,1.0874056816101074,2422.650634765625,69359.5625,,,152.2760009765625
2024-11-05 05:00:00,2740.300048828125,,,,5782.759765625,71.98999786376953,
2024-11-06 00:00:00,,1.093445897102356,2724.169189453125,75639.078125,,,151.43499755859375
2024-11-06 05:00:00,2667.60009765625,,,,5929.0400390625,71.69000244140625,
2024-11-07 00:00:00,,1.073306918144226,2895.58544921875,75904.859375,,,154.32000732421875
2024-11-07 05:00:00,2698.39990234375,,,,5973.10009765625,72.36000061035156,
2024-11-08 00:00:00,,1.0795172452926636,2962.296630859375,76545.4765625,,,153.17999267578125
2024-11-08 05:00:00,2687.5,,,,5995.5400390625,70.37999725341797,
2024-11-09 00:00:00,,,3131.14453125,76778.8671875,,,
2024-11-10 00:00:00,,,3191.331298828125,80474.1875,,,
2024-11-11 00:00:00,,1.0714898109436035,3374.81298828125,88701.484375,,,152.9040069580078
2024-11-11 05:00:00,2611.199951171875,,,,6001.35009765625,68.04000091552734,
2024-11-12 00:00:00,,1.066439151763916,3246.25732421875,87955.8125,,,153.47999572753906
2024-11-12 05:00:00,2600.0,,,,5983.990234375,68.12000274658203,
2024-11-13 00:00:00,,1.061672568321228,3192.595947265625,90584.1640625,,,154.65499877929688
2024-11-13 05:00:00,2580.800048828125,,,,5985.3798828125,68.43000030517578,
2024-11-14 00:00:00,,1.0564124584197998,3058.94873046875,87250.4296875,,,155.4290008544922
2024-11-14 05:00:00,2568.199951171875,,,,5949.169921875,68.69999694824219,
2024-11-15 00:00:00,,1.0530084371566772,3103.04052734375,91066.0078125,,,156.46800231933594
2024-11-15 05:00:00,2565.699951171875,,,,5870.6201171875,67.0199966430664,
2024-11-16 00:00:00,,,3133.27392578125,90558.4765625,,,
2024-11-17 00:00:00,,,3075.66162109375,89845.8515625,,,
2024-11-18 00:00:00,,1.0533745288848877,3207.8564453125,90542.640625,,,154.66400146484375
2024-11-18 05:00:00,2610.60009765625,,,,5893.6201171875,69.16000366210938,
2024-11-19 00:00:00,,1.059490442276001,3111.384033203125,92343.7890625,,,154.61700439453125
2024-11-19 05:00:00,2627.10009765625,,,,5916.97998046875,69.38999938964844,
2024-11-20 00:00:00,,1.0607603788375854,3072.18798828125,94339.4921875,,,154.71800231933594
2024-11-20 05:00:00,2648.199951171875,,,,5917.10986328125,68.87000274658203,
2024-11-21 00:00:00,,1.0546187162399292,3361.053955078125,98504.7265625,,,155.2949981689453
2024-11-21 05:00:00,2672.10009765625,,,,5948.7099609375,70.0999984741211,
2024-11-22 00:00:00,,1.0469341278076172,3331.600830078125,98997.6640625,,,154.21800231933594
2024-11-22 05:00:00,2709.89990234375,,,,5969.33984375,71.23999786376953,
2024-11-23 00:00:00,,,3396.223388671875,97777.28125,,,
2024-11-24 00:00:00,,,3363.659912109375,98013.8203125,,,
2024-11-25 00:00:00,,1.0479873418807983,3413.5439453125,93102.296875,,,154.14599609375
2024-11-25 05:00:00,2616.800048828125,,,,5987.3701171875,68.94000244140625,
2024-11-26 00:00:00,,1.0444300174713135,3326.517333984375,91985.3203125,,,154.3780059814453
2024-11-26 05:00:00,2620.300048828125,,,,6021.6298828125,68.7699966430664,
2024-11-27 00:00:00,,1.0491198301315308,3657.249267578125,95962.53125,,,153.00900268554688
2024-11-27 05:00:00,2639.89990234375,,,,5998.740234375,68.72000122070312,
2024-11-28 00:00:00,,1.0562450885772705,3579.8115234375,95652.46875,,,151.33599853515625
2024-11-29 00:00:00,,1.0563008785247803,3593.494384765625,97461.5234375,,,151.1739959716797
2024-11-29 05:00:00,2657.0,,,,6032.3798828125,68.0,
2024-11-30 00:00:00,,,3705.705322265625,96449.0546875,,,
2024-12-01 00:00:00,,,3711.1650390625,97279.7890625,,,
2024-12-02 00:00:00,,1.0545074939727783,3644.198486328125,95865.3046875,,,149.8979949951172
2024-12-02 05:00:00,2634.89990234375,,,,6047.14990234375,68.0999984741211,
2024-12-03 00:00:00,,1.0501223802566528,3620.711669921875,96002.1640625,,,149.50799560546875
2024-12-03 05:00:00,2644.699951171875,,,,6049.8798828125,69.94000244140625,
2024-12-04 00:00:00,,1.0510826110839844,3841.3310546875,98768.53125,,,149.64700317382812
2024-12-04 05:00:00,2653.800048828125,,,,6086.490234375,68.54000091552734,
2024-12-05 00:00:00,,1.051414132118225,3811.00830078125,96593.5703125,,,150.56700134277344
2024-12-05 05:00:00,2626.60009765625,,,,6075.10986328125,68.30000305175781,
2024-12-06 00:00:00,,1.058559536933899,4005.810546875,99920.7109375,,,150.20700073242188
2024-12-06 05:00:00,2638.60009765625,,,,6090.27001953125,67.19999694824219,
2024-12-07 00:00:00,,,4002.692626953125,99923.3359375,,,
2024-12-08 00:00:00,,,4005.70458984375,101236.015625,,,
2024-12-09 00:00:00,,1.0565463304519653,3718.6904296875,97432.71875,,,150.02999877929688
2024-12-09 05:00:00,2664.89990234375,,,,6052.85009765625,68.37000274658203,
2024-12-10 00:00:00,,1.0555204153060913,3631.833740234375,96675.4296875,,,151.4080047607422
2024-12-10 05:00:00,2697.60009765625,,,,6034.91015625,68.58999633789062,
2024-12-11 00:00:00,,1.0532968044281006,3832.822021484375,101173.03125,,,151.8070068359375
2024-12-11 05:00:00,2733.800048828125,,,,6084.18994140625,70.29000091552734,
2024-12-12 00:00:00,,1.0506850481033325,3883.1015625,100043.0,,,152.2449951171875
2024-12-12 05:00:00,2687.5,,,,6051.25,70.0199966430664,
2024-12-13 00:00:00,,1.0474056005477905,3911.205322265625,101459.2578125,,,152.58700561523438
2024-12-13 05:00:00,2656.0,,,,6051.08984375,71.29000091552734,
2024-12-14 00:00:00,,,3868.4052734375,101372.96875,,,
2024-12-15 00:00:00,,,3951.941162109375,104298.6953125,,,
2024-12-16 00:00:00,,1.051005244255066,3987.48095703125,106029.71875,,,153.4530029296875
2024-12-16 05:00:00,2651.39990234375,,,,6074.080078125,70.70999908447266,
2024-12-17 00:00:00,,1.0517348051071167,3886.76611328125,106140.6015625,,,154.08599853515625
2024-12-17 05:00:00,2644.39990234375,,,,6050.60986328125,70.08000183105469,
2024-12-18 00:00:00,,1.0495051145553589,3618.791259765625,100041.5390625,,,153.57200622558594
2024-12-18 05:00:00,2636.5,,,,5872.16015625,70.58000183105469,
2024-12-19 00:00:00,,1.0350252389907837,3417.927978515625,97490.953125,,,154.67300415039062
2024-12-19 05:00:00,2592.199951171875,,,,5867.080078125,69.91000366210938,
2024-12-20 00:00:00,,1.0364949703216553,3472.553466796875,97755.9296875,,,157.6439971923828
2024-12-20 05:00:00,2628.699951171875,,,,5930.85009765625,69.45999908447266,
2024-12-21 00:00:00,,,3337.222412109375,97224.7265625,,,
2024-12-22 00:00:00,,,3277.53515625,95104.9375,,,
2024-12-23 00:00:00,,1.0433076620101929,3415.785400390625,94686.2421875,,,156.5330047607422
2024-12-23 05:00:00,2612.300048828125,,,,5974.06982421875,69.23999786376953,
2024-12-24 00:00:00,,1.0405826568603516,3492.0498046875,98676.09375,,,157.1649932861328
2024-12-24 05:00:00,2620.0,,,,6040.0400390625,70.0999984741211,
2024-12-25 00:00:00,,1.0402579307556152,3493.2353515625,99299.1953125,,,157.10699462890625
2024-12-26 00:00:00,,1.0399551391601562,3331.225830078125,95795.515625,,,157.13299560546875
2024-12-26 05:00:00,2638.800048828125,,,,6037.58984375,69.62000274658203,
2024-12-27 00:00:00,,1.0423181056976318,3328.9169921875,94164.859375,,,157.7480010986328
2024-12-27 05:00:00,2617.199951171875,,,,5970.83984375,70.5999984741211,
2024-12-28 00:00:00,,,3397.90234375,95163.9296875,,,
2024-12-29 00:00:00,,,3349.513427734375,93530.2265625,,,
2024-12-30 00:00:00,,1.0429377555847168,3356.392578125,92643.2109375,,,157.8730010986328
2024-12-30 05:00:00,2606.10009765625,,,,5906.93994140625,70.98999786376953,
2024-12-31 00:00:00,,1.040615200996399,3332.53173828125,93429.203125,,,156.9949951171875
2024-12-31 05:00:00,2629.199951171875,,,,5881.6298828125,71.72000122070312,
2025-01-01 00:00:00,,,3353.504150390625,94419.7578125,,,
2025-01-02 00:00:00,,1.0351860523223877,3451.392578125,96886.875,,,157.718994140625
2025-01-02 05:00:00,2658.89990234375,,,,5868.5498046875,73.12999725341797,
2025-01-03 00:00:00,,1.0268205404281616,3605.009765625,98107.4296875,,,157.36199951171875
2025-01-03 05:00:00,2645.0,,,,5942.47021484375,73.95999908447266,
2025-01-04 00:00:00,,,3657.706787109375,98236.2265625,,,
2025-01-05 00:00:00,,,3634.103759765625,98314.9609375,,,
2025-01-06 00:00:00,,1.0305347442626953,3688.611328125,102078.0859375,,,157.4810028076172
2025-01-06 05:00:00,2638.39990234375,,,,5975.3798828125,73.55999755859375,
2025-01-07 00:00:00,,1.0386372804641724,3381.577392578125,96922.703125,,,157.7429962158203
2025-01-07 05:00:00,2656.699951171875,,,,5909.02978515625,74.25,
2025-01-08 00:00:00,,1.034554123878479,3326.329345703125,95043.5234375,,,158.23599243164062
2025-01-08 05:00:00,2664.5,,,,5918.25,73.31999969482422,
2025-01-09 00:00:00,,1.0314701795578003,3219.4306640625,92484.0390625,,,158.19200134277344
2025-01-09 05:00:00,2683.800048828125,,,,,73.91999816894531,
2025-01-10 00:00:00,,1.0297601222991943,3267.489990234375,94701.453125,,,158.04800415039062
2025-01-10 05:00:00,2708.5,,,,5827.0400390625,76.56999969482422,
2025-01-11 00:00:00,,,3282.2177734375,94566.59375,,,
2025-01-12 00:00:00,,,3265.951171875,94488.4375,,,
2025-01-13 00:00:00,,1.0244431495666504,3135.499755859375,94516.5234375,,,157.88699340820312
2025-01-13 05:00:00,2673.5,,,,5836.22021484375,78.81999969482422,
2025-01-14 00:00:00,,1.0265253782272339,3223.6845703125,96534.046875,,,157.36399841308594
2025-01-14 05:00:00,2677.5,,,,5842.91015625,77.5,
2025-01-15 00:00:00,,1.0306835174560547,3450.53759765625,100504.4921875,,,158.0500030517578
2025-01-15 05:00:00,2712.5,,,,5949.91015625,80.04000091552734,
2025-01-16 00:00:00,,1.0295268297195435,3308.34521484375,99756.90625,,,156.2550048828125
2025-01-16 05:00:00,2746.39990234375,,,,5937.33984375,78.68000030517578,
2025-01-17 00:00:00,,1.0301949977874756,3474.107177734375,104462.0390625,,,155.3560028076172
2025-01-17 05:00:00,2744.300048828125,,,,5996.66015625,77.87999725341797,
2025-01-18 00:00:00,,,3305.78955078125,104408.0703125,,,
2025-01-19 00:00:00,,,3208.96435546875,101089.609375,,,
2025-01-20 00:00:00,,1.0277386903762817,3278.035400390625,102016.6640625,,,156.30599975585938
2025-01-21 00:00:00,,1.0420682430267334,3327.40625,106146.265625,,,155.24899291992188
2025-01-21 05:00:00,2755.0,,,,6049.240234375,75.88999938964844,
2025-01-22 00:00:00,,1.0405935049057007,3240.224609375,103653.0703125,,,155.7740020751953
2025-01-22 05:00:00,2767.60009765625,,,,6086.3701171875,75.44000244140625,
2025-01-23 00:00:00,,1.0410159826278687,3334.714111328125,103960.171875,,,156.44000244140625
2025-01-23 05:00:00,2763.10009765625,,,,6118.7099609375,74.62000274658203,
2025-01-24 00:00:00,,1.041601538658142,3309.554931640625,104819.484375,,,156.15499877929688
2025-01-24 05:00:00,2777.300048828125,,,,6101.240234375,74.66000366210938,
2025-01-25 00:00:00,,,3317.26953125,104714.6484375,,,
2025-01-26 00:00:00,,,3236.13427734375,102682.5,,,
2025-01-27 00:00:00,,1.0467586517333984,3178.92041015625,102087.6875,,,155.74400329589844
2025-01-27 05:00:00,2737.5,,,,6012.27978515625,73.16999816894531,
2025-01-28 00:00:00,,1.0445064306259155,3077.112548828125,101332.4765625,,,154.90899658203125
2025-01-28 05:00:00,2766.800048828125,,,,6067.7001953125,73.7699966430664,
2025-01-29 00:00:00,,1.0429050922393799,3112.9990234375,103703.2109375,,,155.5590057373047
2025-01-29 05:00:00,2769.10009765625,,,,6039.31005859375,72.62000274658203,
2025-01-30 00:00:00,,1.0425245761871338,3247.780029296875,104735.3046875,,,155.1699981689453
2025-01-30 05:00:00,2823.0,,,,6071.169921875,72.7300033569336,
2025-01-31 00:00:00,,1.0397279262542725,3298.26513671875,102405.0234375,,,154.0970001220703
2025-01-31 05:00:00,2812.5,,,,6040.52978515625,72.52999877929688,
2025-02-01 00:00:00,,,3118.32861328125,100655.90625,,,
2025-02-02 00:00:00,,,2868.69287109375,97688.9765625,,,
2025-02-03 00:00:00,,1.024779200553894,2884.566650390625,101405.421875,,,155.36300659179688
2025-02-03 05:00:00,2833.89990234375,,,,5994.56982421875,73.16000366210938,
2025-02-04 00:00:00,,1.0327378511428833,2735.05126953125,97871.8203125,,,155.27699279785156
2025-02-04 05:00:00,2853.300048828125,,,,6037.8798828125,72.69999694824219,
2025-02-05 00:00:00,,1.0372798442840576,2787.779052734375,96615.4453125,,,154.13299560546875
2025-02-05 05:00:00,2871.60009765625,,,,6061.47998046875,71.02999877929688,
2025-02-06 00:00:00,,1.0400848388671875,2688.40087890625,96593.296875,,,152.6060028076172
2025-02-06 05:00:00,2856.0,,,,6083.56982421875,70.61000061035156,
2025-02-07 00:00:00,,1.0385725498199463,2622.211181640625,96529.0859375,,,151.1929931640625
2025-02-07 05:00:00,2867.300048828125,,,,6025.990234375,71.0,
2025-02-08 00:00:00,,,2632.308349609375,96482.453125,,,
2025-02-09 00:00:00,,,2628.72119140625,96500.09375,,,
2025-02-10 00:00:00,,1.0311616659164429,2661.166748046875,97437.5546875,,,151.8459930419922
2025-02-10 05:00:00,2914.300048828125,,,,6066.43994140625,72.31999969482422,
2025-02-11 00:00:00,,1.0301525592803955,2602.781982421875,95747.4296875,,,151.75900268554688
2025-02-11 05:00:00,2912.5,,,,6068.5,73.31999969482422,
2025-02-12 00:00:00,,1.0364949703216553,2736.902099609375,97885.859375,,,152.73899841308594
2025-02-12 05:00:00,2909.0,,,,6051.97021484375,71.37000274658203,
2025-02-13 00:00:00,,1.039198637008667,2675.902587890625,96623.8671875,,,154.2550048828125
2025-02-13 05:00:00,2925.89990234375,,,,6115.06982421875,71.29000091552734,
2025-02-14 00:00:00,,1.0461673736572266,2726.091552734375,97508.96875,,,152.98899841308594
2025-02-14 05:00:00,2883.60009765625,,,,6114.6298828125,70.73999786376953,
2025-02-15 00:00:00,,,2693.559814453125,97580.3515625,,,
2025-02-16 00:00:00,,,2663.31591796875,96175.03125,,,
2025-02-17 00:00:00,,1.0489217042922974,2743.19970703125,95773.3828125,,,152.0229949951172
2025-02-18 00:00:00,,1.048536777496338,2669.3388671875,95539.546875,,,151.44400024414062
2025-02-18 05:00:00,2931.60009765625,,,,6129.580078125,71.8499984741211,
2025-02-19 00:00:00,,1.044833779335022,2715.77099609375,96635.609375,,,151.93099975585938
2025-02-19 05:00:00,2919.39990234375,,,,6144.14990234375,72.25,
2025-02-20 00:00:00,,1.0421009063720703,2740.386474609375,98333.9375,,,151.22000122070312
2025-02-20 05:00:00,2940.0,,,,6117.52001953125,72.56999969482422,
2025-02-21 00:00:00,,1.0500562191009521,2659.655517578125,96125.546875,,,149.4080047607422
2025-02-21 05:00:00,2937.60009765625,,,,6013.1298828125,70.4000015258789,
2025-02-22 00:00:00,,,2764.029296875,96577.7578125,,,
2025-02-23 00:00:00,,,2821.310302734375,96273.921875,,,
2025-02-24 00:00:00,,1.0474823713302612,2513.8212890625,91418.171875,,,149.38699340820312
2025-02-24 05:00:00,2947.89990234375,,,,5983.25,70.69999694824219,
2025-02-25 00:00:00,,1.0461344718933105,2493.592529296875,88736.171875,,,149.86399841308594
2025-02-25 05:00:00,2904.5,,,,5955.25,68.93000030517578,
2025-02-26 00:00:00,,1.0524100065231323,2331.45263671875,84347.0234375,,,149.0780029296875
2025-02-26 05:00:00,2916.800048828125,,,,5956.06005859375,68.62000274658203,
2025-02-27 00:00:00,,1.0488777160644531,2305.484375,84704.2265625,,,148.83799743652344
2025-02-27 05:00:00,2883.199951171875,,,,5861.56982421875,70.3499984741211,
2025-02-28 00:00:00,,1.039511799812317,2237.9052734375,84373.0078125,,,150.01199340820312
2025-02-28 05:00:00,2836.800048828125,,,,5954.5,69.76000213623047,
2025-03-01 00:00:00,,,2216.643310546875,86031.9140625,,,
2025-03-02 00:00:00,,,2519.694580078125,94248.3515625,,,
2025-03-03 00:00:00,,1.0413846969604492,2145.573974609375,86065.671875,,,150.77099609375
2025-03-03 05:00:00,2890.199951171875,,,,5849.72021484375,68.37000274658203,
2025-03-04 00:00:00,,1.0485037565231323,2170.01513671875,87222.1953125,,,149.30499267578125
2025-03-04 05:00:00,2909.60009765625,,,,5778.14990234375,68.26000213623047,
2025-03-05 00:00:00,,1.062699317932129,2241.977294921875,90623.5625,,,149.7989959716797
2025-03-05 05:00:00,2915.300048828125,,,,5842.6298828125,66.30999755859375,
2025-03-06 00:00:00,,1.0794938802719116,2202.476806640625,89961.7265625,,,148.8979949951172
2025-03-06 05:00:00,2916.60009765625,,,,5738.52001953125,66.36000061035156,
2025-03-07 00:00:00,,1.0787951946258545,2138.987548828125,86742.671875,,,148.10800170898438
2025-03-07 05:00:00,2904.699951171875,,,,5770.2001953125,67.04000091552734,
2025-03-08 00:00:00,,,2201.51025390625,86154.59375,,,
2025-03-09 00:00:00,,,2015.5091552734375,80601.0390625,,,
2025-03-10 00:00:00,,1.086059331893921,1861.1513671875,78532.0,,,147.60800170898438
2025-03-10 04:00:00,2891.0,,,,5614.56005859375,66.02999877929688,
2025-03-11 00:00:00,,1.0839403867721558,1919.844970703125,82862.2109375,,,147.06900024414062
2025-03-11 04:00:00,2912.89990234375,,,,5572.06982421875,66.25,
2025-03-12 00:00:00,,1.0914170742034912,1908.982666015625,83722.359375,,,148.04200744628906
2025-03-12 04:00:00,2939.10009765625,,,,5599.2998046875,67.68000030517578,
2025-03-13 00:00:00,,1.0886249542236328,1862.9696044921875,81066.703125,,,148.2790069580078
2025-03-13 04:00:00,2984.300048828125,,,,5521.52001953125,66.55000305175781,
2025-03-14 00:00:00,,1.085564136505127,1909.467529296875,83969.1015625,,,147.94900512695312
2025-03-14 04:00:00,2994.5,,,,5638.93994140625,67.18000030517578,
2025-03-15 00:00:00,,,1937.3946533203125,84343.109375,,,
2025-03-16 00:00:00,,,1887.43505859375,82579.6875,,,
2025-03-17 00:00:00,,1.0881274938583374,1927.0029296875,84075.6875,,,148.59800720214844
2025-03-17 04:00:00,3000.0,,,,5675.1201171875,67.58000183105469,
2025-03-18 00:00:00,,1.091917634010315,1932.54345703125,82718.5,,,149.37899780273438
2025-03-18 04:00:00,3035.10009765625,,,,5614.66015625,66.9000015258789,
2025-03-19 00:00:00,,1.093948245048523,2057.7490234375,86854.2265625,,,149.45199584960938
2025-03-19 04:00:00,3035.89990234375,,,,5675.2900390625,67.16000366210938,
2025-03-20 00:00:00,,1.0911908149719238,1982.099853515625,84167.1953125,,,148.49000549316406
2025-03-20 04:00:00,3040.0,,,,5662.89013671875,68.26000213623047,
2025-03-21 00:00:00,,1.0856702327728271,1964.8475341796875,84043.2421875,,,148.5959930419922
2025-03-21 04:00:00,3018.199951171875,,,,5667.56005859375,68.27999877929688,
2025-03-22 00:00:00,,,1980.037841796875,83832.484375,,,
2025-03-23 00:00:00,,,2005.2991943359375,86054.375,,,
2025-03-24 00:00:00,,1.0835762023925781,2077.47900390625,87498.9140625,,,149.677001953125
2025-03-24 04:00:00,3013.10009765625,,,,5767.56982421875,69.11000061035156,
2025-03-25 00:00:00,,1.0803569555282593,2067.76416015625,87471.703125,,,150.7740020751953
2025-03-25 04:00:00,3023.699951171875,,,,5776.64990234375,69.0,
2025-03-26 00:00:00,,1.0787487030029297,2009.1893310546875,86900.8828125,,,149.9499969482422
2025-03-26 04:00:00,3020.89990234375,,,,5712.2001953125,69.6500015258789,
2025-03-27 00:00:00,,1.0742061138153076,2002.357421875,87177.1015625,,,150.47300720214844
2025-03-27 04:00:00,3060.199951171875,,,,5693.31005859375,69.91999816894531,
2025-03-28 00:00:00,,1.080100178718567,1895.5029296875,84353.1484375,,,150.8470001220703
2025-03-28 04:00:00,3086.5,,,,5580.93994140625,69.36000061035156,
2025-03-29 00:00:00,,,1827.3203125,82597.5859375,,,
2025-03-30 00:00:00,,,1806.2186279296875,82334.5234375,,,
2025-03-30 23:00:00,,1.082391619682312,,,,,149.61700439453125
2025-03-31 00:00:00,,,1823.47998046875,82548.9140625,,,
2025-03-31 04:00:00,3122.800048828125,,,,5611.85009765625,71.4800033569336,
2025-03-31 23:00:00,,1.0818880796432495,,,,,149.91299438476562
2025-04-01 00:00:00,,,1905.491455078125,85169.171875,,,
2025-04-01 04:00:00,3118.89990234375,,,,5633.06982421875,71.19999694824219,
2025-04-01 23:00:00,,1.0795987844467163,,,,,149.7830047607422
2025-04-02 00:00:00,,,1795.313232421875,82485.7109375,,,
2025-04-02 04:00:00,3139.89990234375,,,,5670.97021484375,71.70999908447266,
2025-04-02 23:00:00,,1.090869426727295,,,,,147.8719940185547
2025-04-03 00:00:00,,,1815.63720703125,83102.828125,,,
2025-04-03 04:00:00,3097.0,,,,5396.52001953125,66.94999694824219,
2025-04-03 23:00:00,,1.1043744087219238,,,,,146.2310028076172
2025-04-04 00:00:00,,,1815.335205078125,83843.8046875,,,
2025-04-04 04:00:00,3012.0,,,,5074.080078125,61.9900016784668,
2025-04-05 00:00:00,,,1805.9732666015625,83504.796875,,,
2025-04-06 00:00:00,,,1576.72802734375,78214.484375,,,
2025-04-06 23:00:00,,1.098454475402832,,,,,145.43299865722656
2025-04-07 00:00:00,,,1555.240966796875,79235.3359375,,,
2025-04-07 04:00:00,2951.300048828125,,,,5062.25,60.70000076293945,
2025-04-07 23:00:00,,1.0915361642837524,,,,,147.78900146484375
2025-04-08 00:00:00,,,1472.5531005859375,76271.953125,,,
2025-04-08 04:00:00,2968.39990234375,,,,4982.77001953125,59.58000183105469,
2025-04-08 23:00:00,,1.0980443954467773,,,,,145.84500122070312
2025-04-09 00:00:00,,,1668.0400390625,82573.953125,,,
2025-04-09 04:00:00,3056.5,,,,5456.89990234375,62.349998474121094,
2025-04-09 23:00:00,,1.0952062606811523,,,,,147.3990020751953
2025-04-10 00:00:00,,,1522.518798828125,79626.140625,,,
2025-04-10 04:00:00,3155.199951171875,,,,5268.0498046875,60.06999969482422,
2025-04-10 23:00:00,,1.1257838010787964,,,,,143.7469940185547
2025-04-11 00:00:00,,,1567.1497802734375,83404.8359375,,,
2025-04-11 04:00:00,3222.199951171875,,,,5363.35986328125,61.5,
2025-04-12 00:00:00,,,1643.528564453125,85287.109375,,,
2025-04-13 00:00:00,,,1596.685791015625,83684.9765625,,,
2025-04-13 23:00:00,,1.1343141794204712,,,,,143.6959991455078
2025-04-14 00:00:00,,,1622.7698974609375,84542.390625,,,
2025-04-14 04:00:00,3204.800048828125,,,,5405.97021484375,61.529998779296875,
2025-04-14 23:00:00,,1.1339668035507202,,,,,143.2209930419922
2025-04-15 00:00:00,,,1588.6324462890625,83668.9921875,,,
2025-04-15 04:00:00,3218.699951171875,,,,5396.6298828125,61.33000183105469,
2025-04-15 23:00:00,,1.1292672157287598,,,,,143.18099975585938
2025-04-16 00:00:00,,,1578.1053466796875,84033.8671875,,,
2025-04-16 04:00:00,3326.60009765625,,,,5275.7001953125,62.470001220703125,
2025-04-16 23:00:00,,1.1396790742874146,,,,,141.92799377441406
2025-04-17 00:00:00,,,1582.54833984375,84895.75,,,
2025-04-17 04:00:00,3308.699951171875,,,,5282.7001953125,64.68000030517578,
2025-04-18 00:00:00,,,1588.9246826171875,84450.8046875,,,
2025-04-19 00:00:00,,,1612.9228515625,85063.4140625,,,
2025-04-20 00:00:00,,,1587.5142822265625,85174.3046875,,,
2025-04-21 00:00:00,,,1579.7344970703125,87518.90625,,,
2025-04-21 04:00:00,3406.199951171875,,,,5158.2001953125,63.08000183105469,
2025-04-21 23:00:00,,1.1512778997421265,,,,,140.87600708007812
2025-04-22 00:00:00,,,1757.3316650390625,93441.890625,,,
2025-04-22 04:00:00,3400.800048828125,,,,5287.759765625,64.30999755859375,
2025-04-22 23:00:00,,1.1351252794265747,,,,,142.68800354003906
2025-04-23 00:00:00,,,1796.104248046875,93699.109375,,,
2025-04-23 04:00:00,3276.300048828125,,,,5375.85986328125,62.27000045776367,
2025-04-23 23:00:00,,1.132733702659607,,,,,143.22300720214844
2025-04-24 00:00:00,,,1769.8316650390625,93943.796875,,,
2025-04-24 04:00:00,3332.0,,,,5484.77001953125,62.790000915527344,
2025-04-24 23:00:00,,1.1371906995773315,,,,,142.87899780273438
2025-04-25 00:00:00,,,1786.634521484375,94720.5,,,
2025-04-25 04:00:00,3282.39990234375,,,,5525.2099609375,63.02000045776367,
2025-04-26 00:00:00,,,1821.881103515625,94646.9296875,,,
2025-04-27 00:00:00,,,1792.864990234375,93754.84375,,,
2025-04-27 23:00:00,,1.1343141794204712,,,,,143.84100341796875
2025-04-28 00:00:00,,,1798.851806640625,94978.75,,,
2025-04-28 04:00:00,3332.5,,,,5528.75,62.04999923706055,
2025-04-28 23:00:00,,1.1409143209457397,,,,,142.17799377441406
2025-04-29 00:00:00,,,1799.1756591796875,94284.7890625,,,
2025-04-29 04:00:00,3318.800048828125,,,,5560.830078125,60.41999816894531,
2025-04-29 23:00:00,,1.1389262676239014,,,,,142.2989959716797
2025-04-30 00:00:00,,,1793.775390625,94207.3125,,,
2025-04-30 04:00:00,3305.0,,,,5569.06005859375,58.209999084472656,
2025-04-30 23:00:00,,1.1324899196624756,,,,,143.00900268554688
2025-05-01 00:00:00,,,1839.2215576171875,96492.3359375,,,
2025-05-01 04:00:00,3210.0,,,,5604.14013671875,59.2400016784668,
2025-05-01 23:00:00,,1.1296498775482178,,,,,145.447998046875
2025-05-02 00:00:00,,,1842.7078857421875,96910.0703125,,,
2025-05-02 04:00:00,3231.89990234375,,,,5686.669921875,58.290000915527344,
2025-05-03 00:00:00,,,1833.8397216796875,95891.796875,,,
2025-05-04 00:00:00,,,1808.59423828125,94315.9765625,,,
2025-05-04 23:00:00,,1.1323232650756836,,,,,144.62399291992188
2025-05-05 00:00:00,,,1819.697509765625,94748.0546875,,,
2025-05-05 04:00:00,3311.300048828125,,,,5650.3798828125,57.130001068115234,
2025-05-05 23:00:00,,1.1313369274139404,,,,,143.6540069580078
2025-05-06 00:00:00,,,1815.0875244140625,96802.4765625,,,
2025-05-06 04:00:00,3411.39990234375,,,,5606.91015625,59.09000015258789,
2025-05-06 23:00:00,,1.1342755556106567,,,,,143.03500366210938
2025-05-07 00:00:00,,,1811.606689453125,97032.3203125,,,
2025-05-07 04:00:00,3381.39990234375,,,,5631.27978515625,58.06999969482422,
2025-05-07 23:00:00,,1.1306205987930298,,,,,143.84800720214844
2025-05-08 00:00:00,,,2206.5146484375,103241.4609375,,,
2025-05-08 04:00:00,3296.60009765625,,,,5663.93994140625,59.90999984741211,
2025-05-08 23:00:00,,1.122422695159912,,,,,146.01499938964844
2025-05-09 00:00:00,,,2345.50732421875,102970.8515625,,,
2025-05-09 04:00:00,3335.39990234375,,,,5659.91015625,61.02000045776367,
2025-05-10 00:00:00,,,2582.422607421875,104696.328125,,,
2025-05-11 00:00:00,,,2510.23779296875,104106.359375,,,
2025-05-11 23:00:00,,1.12296462059021,,,,,145.81199645996094
2025-05-12 00:00:00,,,2496.397705078125,102812.953125,,,
2025-05-12 04:00:00,3220.0,,,,5844.18994140625,61.95000076293945,
2025-05-12 23:00:00,,1.1095577478408813,,,,,148.30999755859375
2025-05-13 00:00:00,,,2680.129638671875,104169.8125,,,
2025-05-13 04:00:00,3240.300048828125,,,,5886.5498046875,63.66999816894531,
2025-05-13 23:00:00,,1.1185556650161743,,,,,147.5279998779297
2025-05-14 00:00:00,,,2610.063232421875,103539.4140625,,,
2025-05-14 04:00:00,3181.39990234375,,,,5892.580078125,63.150001525878906,
2025-05-14 23:00:00,,1.1181930303573608,,,,,146.64999389648438
2025-05-15 00:00:00,,,2546.85693359375,103744.640625,,,
2025-05-15 04:00:00,3220.699951171875,,,,5916.93017578125,61.619998931884766,
2025-05-15 23:00:00,,1.1192693710327148,,,,,145.61300659179688
2025-05-16 00:00:00,,,2536.297607421875,103489.2890625,,,
2025-05-16 04:00:00,3182.0,,,,5958.3798828125,62.4900016784668,
2025-05-17 00:00:00,,,2475.75439453125,103191.0859375,,,
2025-05-18 00:00:00,,,2498.233642578125,106446.0078125,,,
2025-05-18 23:00:00,,1.1187559366226196,,,,,145.29800415039062
2025-05-19 00:00:00,,,2529.166748046875,105606.1796875,,,
2025-05-19 04:00:00,3228.89990234375,,,,5963.60009765625,62.689998626708984,
2025-05-19 23:00:00,,1.1233429908752441,,,,,144.97500610351562
2025-05-20 00:00:00,,,2524.173095703125,106791.0859375,,,
2025-05-20 04:00:00,3280.300048828125,,,,5940.4599609375,62.560001373291016,
2025-05-20 23:00:00,,1.1287955045700073,,,,,144.3280029296875
2025-05-21 00:00:00,,,2552.34716796875,109678.078125,,,
2025-05-21 04:00:00,3309.300048828125,,,,5844.60986328125,61.56999969482422,
2025-05-21 23:00:00,,1.133118748664856,,,,,143.7550048828125
2025-05-22 00:00:00,,,2664.156982421875,111673.28125,,,
2025-05-22 04:00:00,3292.300048828125,,,,5842.009765625,61.20000076293945,
2025-05-22 23:00:00,,1.1281843185424805,,,,,143.85800170898438
2025-05-23 00:00:00,,,2526.44189453125,107287.796875,,,
2025-05-23 04:00:00,3363.60009765625,,,,5802.81982421875,61.529998779296875,
2025-05-24 00:00:00,,,2530.646240234375,107791.15625,,,
2025-05-25 00:00:00,,,2551.763916015625,109035.390625,,,
2025-05-25 23:00:00,,1.1372811794281006,,,,,142.86700439453125
2025-05-26 00:00:00,,,2564.138427734375,109440.3671875,,,
2025-05-26 23:00:00,,1.1388484239578247,,,,,142.65499877929688
2025-05-27 00:00:00,,,2663.06982421875,108994.640625,,,
2025-05-27 04:00:00,3299.10009765625,,,,5921.5400390625,60.88999938964844,
2025-05-27 23:00:00,,1.1337097883224487,,,,,144.177001953125
2025-05-28 00:00:00,,,2682.212890625,107802.328125,,,
2025-05-28 04:00:00,3293.60009765625,,,,5888.5498046875,61.84000015258789,
2025-05-28 23:00:00,,1.123368263244629,,,,,145.69700622558594
2025-05-29 00:00:00,,,2632.65478515625,105641.7578125,,,
2025-05-29 04:00:00,3317.10009765625,,,,5912.169921875,60.939998626708984,
2025-05-29 23:00:00,,1.1378376483917236,,,,,143.7790069580078
2025-05-30 00:00:00,,,2529.943603515625,103998.5703125,,,
2025-05-30 04:00:00,3288.89990234375,,,,5911.68994140625,60.790000915527344,
2025-05-31 00:00:00,,,2529.08740234375,104638.09375,,,
2025-06-01 00:00:00,,,2536.266357421875,105652.1015625,,,
2025-06-01 23:00:00,,1.1353315114974976,,,,,143.81500244140625
2025-06-02 00:00:00,,,2607.097412109375,105881.53125,,,
2025-06-02 04:00:00,3370.60009765625,,,,5935.93994140625,62.52000045776367,
2025-06-02 23:00:00,,1.1453442573547363,,,,,142.45199584960938
2025-06-03 00:00:00,,,2593.2802734375,105432.46875,,,
2025-06-03 04:00:00,3350.199951171875,,,,5970.3701171875,63.40999984741211,
2025-06-03 23:00:00,,1.1384464502334595,,,,,143.83700561523438
2025-06-04 00:00:00,,,2608.64306640625,104731.984375,,,
2025-06-04 04:00:00,3373.5,,,,5970.81005859375,62.849998474121094,
2025-06-04 23:00:00,,1.1422044038772583,,,,,142.73199462890625
2025-06-05 00:00:00,,,2416.28564453125,101575.953125,,,
2025-06-05 04:00:00,3350.699951171875,,,,5939.2998046875,63.369998931884766,
2025-06-05 23:00:00,,1.1453834772109985,,,,,143.54200744628906
2025-06-06 00:00:00,,,2477.19482421875,104390.34375,,,
2025-06-06 04:00:00,3322.699951171875,,,,6000.35986328125,64.58000183105469,
2025-06-07 00:00:00,,,2526.50537109375,105615.625,,,
2025-06-08 00:00:00,,,2510.787109375,105793.6484375,,,
2025-06-08 23:00:00,,1.1407841444015503,,,,,144.6909942626953
2025-06-09 00:00:00,,,2681.51708984375,110294.1015625,,,
2025-06-09 04:00:00,3332.10009765625,,,,6005.8798828125,65.29000091552734,
2025-06-09 23:00:00,,1.1428048610687256,,,,,144.5399932861328
2025-06-10 00:00:00,,,2813.517578125,110257.234375,,,
2025-06-10 04:00:00,3320.89990234375,,,,6038.81005859375,64.9800033569336,
2025-06-10 23:00:00,,1.143746018409729,,,,,144.83799743652344
2025-06-11 00:00:00,,,2773.529296875,108686.625,,,
2025-06-11 04:00:00,3321.300048828125,,,,6022.240234375,68.1500015258789,
2025-06-11 23:00:00,,1.1509333848953247,,,,,144.2030029296875
2025-06-12 00:00:00,,,2651.795166015625,105929.0546875,,,
2025-06-12 04:00:00,3380.89990234375,,,,6045.259765625,68.04000091552734,
2025-06-12 23:00:00,,1.1600254774093628,,,,,143.19400024414062
2025-06-13 00:00:00,,,2579.486083984375,106090.96875,,,
2025-06-13 04:00:00,3431.199951171875,,,,5976.97021484375,72.9800033569336,
2025-06-14 00:00:00,,,2533.444091796875,105472.40625,,,
2025-06-15 00:00:00,,,2546.837158203125,105552.0234375,,,
2025-06-15 23:00:00,,1.1556684970855713,,,,,144.09100341796875
2025-06-16 00:00:00,,,2540.60498046875,106796.7578125,,,
2025-06-16 04:00:00,3396.39990234375,,,,6033.10986328125,71.7699966430664,
2025-06-16 23:00:00,,1.1551345586776733,,,,,144.72900390625
2025-06-17 00:00:00,,,2510.761474609375,104601.1171875,,,
2025-06-17 04:00:00,3386.60009765625,,,,5982.72021484375,74.83999633789062,
2025-06-17 23:00:00,,1.1482638120651245,,,,,145.37600708007812
2025-06-18 00:00:00,,,2524.301513671875,104883.328125,,,
2025-06-18 04:00:00,3389.800048828125,,,,5980.8701171875,75.13999938964844,
2025-06-18 23:00:00,,1.1477497816085815,,,,,144.9550018310547
2025-06-19 00:00:00,,,2521.653564453125,104684.2890625,,,
2025-06-19 23:00:00,,1.1512778997421265,,,,,145.21800231933594
2025-06-20 00:00:00,,,2407.30419921875,103309.6015625,,,
2025-06-20 04:00:00,3368.10009765625,,,,5967.83984375,74.93000030517578,
2025-06-21 00:00:00,,,2300.49560546875,102257.40625,,,
2025-06-22 00:00:00,,,2228.213134765625,100987.140625,,,
2025-06-22 23:00:00,,1.1500862836837769,,,,,146.2239990234375
2025-06-23 00:00:00,,,2421.824951171875,105577.7734375,,,
2025-06-23 04:00:00,3377.699951171875,,,,6025.169921875,68.51000213623047,
2025-06-23 23:00:00,,1.1599044799804688,,,,,145.92799377441406
2025-06-24 00:00:00,,,2448.0087890625,106045.6328125,,,
2025-06-24 04:00:00,3317.39990234375,,,,6092.18017578125,64.37000274658203,
2025-06-24 23:00:00,,1.161224365234375,,,,,144.95700073242188
2025-06-25 00:00:00,,,2419.310302734375,107361.2578125,,,
2025-06-25 04:00:00,3327.10009765625,,,,6092.16015625,64.91999816894531,
2025-06-25 23:00:00,,1.1683744192123413,,,,,144.9040069580078
2025-06-26 00:00:00,,,2416.146728515625,106960.0,,,
2025-06-26 04:00:00,3333.5,,,,6141.02001953125,65.23999786376953,
2025-06-26 23:00:00,,1.1692214012145996,,,,,144.69400024414062
2025-06-27 00:00:00,,,2423.866943359375,107088.4296875,,,
2025-06-27 04:00:00,3273.699951171875,,,,6173.06982421875,65.5199966430664,
2025-06-28 00:00:00,,,2437.109375,107327.703125,,,
2025-06-29 00:00:00,,,2500.9599609375,108385.5703125,,,
2025-06-29 23:00:00,,1.1727453470230103,,,,,144.51699829101562
2025-06-30 00:00:00,,,2486.46435546875,107135.3359375,,,
2025-06-30 04:00:00,3294.39990234375,,,,6204.9501953125,65.11000061035156,
2025-06-30 23:00:00,,1.178717017173767,,,,,143.8000030517578
2025-07-01 00:00:00,,,2405.792724609375,105698.28125,,,
2025-07-01 04:00:00,3336.699951171875,,,,6198.009765625,65.44999694824219,
2025-07-01 23:00:00,,1.180553913116455,,,,,143.40199279785156
2025-07-02 00:00:00,,,2571.33544921875,108859.3203125,,,
2025-07-02 04:00:00,3348.0,,,,6227.419921875,67.44999694824219,
2025-07-02 23:00:00,,1.18002450466156,,,,,143.5260009765625
2025-07-03 00:00:00,,,2591.00732421875,109647.9765625,,,
2025-07-03 04:00:00,3331.60009765625,,,,6279.35009765625,67.0,
2025-07-03 23:00:00,,1.1771491765975952,,,,,144.6820068359375
2025-07-04 00:00:00,,,2508.518310546875,108034.3359375,,,
2025-07-04 04:00:00,3332.5,,,,,66.5,
2025-07-05 00:00:00,,,2517.280029296875,108231.1796875,,,
2025-07-06 00:00:00,,,2571.236572265625,109232.0703125,,,
2025-07-06 23:00:00,,1.178078293800354,,,,,144.4980010986328
2025-07-07 00:00:00,,,2543.01318359375,108299.8515625,,,
2025-07-07 04:00:00,3332.199951171875,,,,6229.97998046875,67.93000030517578,
2025-07-07 23:00:00,,1.1736538410186768,,,,,145.89199829101562
2025-07-08 00:00:00,,,2615.505859375,108950.2734375,,,
2025-07-08 04:00:00,3307.0,,,,6225.52001953125,68.33000183105469,
2025-07-08 23:00:00,,1.1724566221237183,,,,,146.8489990234375
2025-07-09 00:00:00,,,2770.777587890625,111326.5546875,,,
2025-07-09 04:00:00,3311.60009765625,,,,6263.259765625,68.37999725341797,
2025-07-09 23:00:00,,1.17311692237854,,,,,146.11399841308594
2025-07-10 00:00:00,,,2954.84521484375,115987.203125,,,
2025-07-10 04:00:00,3317.39990234375,,,,6280.4599609375,66.56999969482422,
2025-07-10 23:00:00,,1.1702749729156494,,,,,146.28799438476562
2025-07-11 00:00:00,,,2957.88623046875,117516.9921875,,,
2025-07-11 04:00:00,3356.0,,,,6259.75,68.44999694824219,
2025-07-12 00:00:00,,,2942.91162109375,117435.2265625,,,
2025-07-13 00:00:00,,,2973.35888671875,119116.1171875,,,
2025-07-13 23:00:00,,1.1682106256484985,,,,,147.2949981689453
2025-07-14 00:00:00,,,3013.350830078125,119849.703125,,,
2025-07-14 04:00:00,3351.5,,,,6268.56005859375,66.9800033569336,
2025-07-14 23:00:00,,1.1666297912597656,,,,,147.79200744628906
2025-07-15 00:00:00,,,3139.8896484375,117777.1875,,,
2025-07-15 04:00:00,3329.800048828125,,,,6243.759765625,66.5199966430664,
2025-07-15 23:00:00,,1.1607391834259033,,,,,148.76100158691406
2025-07-16 00:00:00,,,3371.5068359375,118738.5078125,,,
2025-07-16 04:00:00,3352.5,,,,6263.7001953125,66.37999725341797,
2025-07-16 23:00:00,,1.1635754108428955,,,,,148.0030059814453
2025-07-17 00:00:00,,,3476.784423828125,119289.84375,,,
2025-07-17 04:00:00,3340.10009765625,,,,6297.35986328125,67.54000091552734,
2025-07-17 23:00:00,,1.161548137664795,,,,,148.44200134277344
2025-07-18 00:00:00,,,3549.016357421875,118003.2265625,,,
2025-07-18 04:00:00,3353.0,,,,6296.7900390625,67.33999633789062,
2025-07-19 00:00:00,,,3595.273681640625,117939.9765625,,,
2025-07-20 00:00:00,,,3759.471435546875,117300.7890625,,,
2025-07-20 23:00:00,,1.1630746126174927,,,,,148.43099975585938
2025-07-21 00:00:00,,,3763.371337890625,117439.5390625,,,
2025-07-21 04:00:00,3401.89990234375,,,,6305.60009765625,67.19999694824219,
2025-07-21 23:00:00,,1.1694538593292236,,,,,147.40899658203125
2025-07-22 00:00:00,,,3749.1455078125,119995.4140625,,,
2025-07-22 04:00:00,3439.199951171875,,,,6309.6201171875,66.20999908447266,
2025-07-22 23:00:00,,1.1739156246185303,,,,,146.78500366210938
2025-07-23 00:00:00,,,3629.70361328125,118754.9609375,,,
2025-07-23 04:00:00,3394.10009765625,,,,6358.91015625,65.25,
2025-07-23 23:00:00,,1.1774264574050903,,,,,146.3489990234375
2025-07-24 00:00:00,,,3708.005615234375,118368.0,,,
2025-07-24 04:00:00,3371.0,,,,6363.35009765625,66.02999877929688,
2025-07-24 23:00:00,,1.1756131649017334,,,,,147.0050048828125
2025-07-25 00:00:00,,,3727.266845703125,117635.8828125,,,
2025-07-25 04:00:00,3334.0,,,,6388.64013671875,65.16000366210938,
2025-07-26 00:00:00,,,3741.39599609375,117947.3671875,,,
2025-07-27 00:00:00,,,3875.24658203125,119448.4921875,,,
2025-07-27 23:00:00,,1.1756821870803833,,,,,147.81300354003906
2025-07-28 00:00:00,,,3787.42578125,117924.4765625,,,
2025-07-28 04:00:00,3309.10009765625,,,,6389.77001953125,66.70999908447266,
2025-07-28 23:00:00,,1.1596757173538208,,,,,148.47900390625
2025-07-29 00:00:00,,,3793.454833984375,117922.1484375,,,
2025-07-29 04:00:00,3323.39990234375,,,,6370.85986328125,69.20999908447266,
2025-07-29 23:00:00,,1.1550945043563843,,,,,148.44200134277344
2025-07-30 00:00:00,,,3808.20166015625,117831.1875,,,
2025-07-30 04:00:00,3295.800048828125,,,,6362.89990234375,70.0,
2025-07-30 23:00:00,,1.1429355144500732,,,,,149.2259979248047
2025-07-31 00:00:00,,,3696.707763671875,115758.203125,,,
2025-07-31 04:00:00,3293.199951171875,,,,6339.39013671875,69.26000213623047,
2025-07-31 23:00:00,,1.142374038696289,,,,,150.77200317382812
2025-08-01 00:00:00,,,3488.365966796875,113320.0859375,,,
2025-08-01 04:00:00,3347.699951171875,,,,6238.009765625,67.33000183105469,
2025-08-02 00:00:00,,,3392.7412109375,112526.9140625,,,
2025-08-03 00:00:00,,,3497.379150390625,114217.671875,,,
2025-08-03 23:00:00,,1.158668041229248,,,,,147.34300231933594
2025-08-04 00:00:00,,,3718.986083984375,115071.8828125,,,
2025-08-04 04:00:00,3374.39990234375,,,,6329.93994140625,66.29000091552734,
2025-08-04 23:00:00,,1.1584129333496094,,,,,146.79299926757812
2025-08-05 00:00:00,,,3611.8994140625,114141.4453125,,,
2025-08-05 04:00:00,3381.89990234375,,,,6299.18994140625,65.16000366210938,
2025-08-05 23:00:00,,1.1579166650772095,,,,,147.55999755859375
2025-08-06 00:00:00,,,3683.920654296875,115028.0,,,
2025-08-06 04:00:00,3380.0,,,,6345.06005859375,64.3499984741211,
2025-08-06 23:00:00,,1.1663167476654053,,,,,147.1929931640625
2025-08-07 00:00:00,,,3914.325927734375,117496.8984375,,,
2025-08-07 04:00:00,3400.300048828125,,,,6340.0,63.880001068115234,
2025-08-07 23:00:00,,1.1676650047302246,,,,,146.83700561523438
2025-08-08 00:00:00,,,4009.848876953125,116688.7265625,,,
2025-08-08 04:00:00,3439.10009765625,,,,6389.4501953125,63.880001068115234,
2025-08-09 00:00:00,,,4263.59912109375,116500.359375,,,
2025-08-10 00:00:00,,,4254.2177734375,119306.7578125,,,
2025-08-10 23:00:00,,1.1647952795028687,,,,,147.66400146484375
2025-08-11 00:00:00,,,4226.966796875,118731.4453125,,,
2025-08-11 04:00:00,3353.10009765625,,,,6373.4501953125,63.959999084472656,
2025-08-11 23:00:00,,1.1618449687957764,,,,,148.125
2025-08-12 00:00:00,,,4590.9248046875,120172.90625,,,
2025-08-12 04:00:00,3348.89990234375,,,,6445.759765625,63.16999816894531,
2025-08-12 23:00:00,,1.1677058935165405,,,,,147.75799560546875
2025-08-13 00:00:00,,,4756.27587890625,123344.0625,,,
2025-08-13 04:00:00,3358.699951171875,,,,6466.580078125,62.650001525878906,
2025-08-13 23:00:00,,1.171289324760437,,,,,147.1199951171875
2025-08-14 00:00:00,,,4548.16650390625,118359.578125,,,
2025-08-14 04:00:00,3335.199951171875,,,,6468.5400390625,63.959999084472656,
2025-08-14 23:00:00,,1.1651345491409302,,,,,147.6909942626953
2025-08-15 00:00:00,,,4439.98876953125,117398.3515625,,,
2025-08-15 04:00:00,3336.0,,,,6449.7998046875,62.79999923706055,
2025-08-16 00:00:00,,,4426.18017578125,117491.3515625,,,
2025-08-17 00:00:00,,,4473.271484375,117453.0625,,,
2025-08-17 23:00:00,,1.1706587076187134,,,,,147.26400756835938
2025-08-18 00:00:00,,,4312.5048828125,116252.3125,,,
2025-08-18 04:00:00,3331.699951171875,,,,6449.14990234375,63.41999816894531,
2025-08-18 23:00:00,,1.1668338775634766,,,,,147.91600036621094
2025-08-19 00:00:00,,,4073.464111328125,112831.1796875,,,
2025-08-19 04:00:00,3313.39990234375,,,,6411.3701171875,62.349998474121094,
2025-08-19 23:00:00,,1.164252758026123,,,,,147.7310028076172
2025-08-20 00:00:00,,,4334.50048828125,114274.7421875,,,
2025-08-20 04:00:00,3343.39990234375,,,,6395.77978515625,63.209999084472656,
2025-08-20 23:00:00,,1.165175199508667,,,,,147.3179931640625
2025-08-21 00:00:00,,,4223.2099609375,112419.03125,,,
2025-08-21 04:00:00,3336.89990234375,,,,6370.169921875,63.52000045776367,
2025-08-21 23:00:00,,1.16130530834198,,,,,148.38600158691406
2025-08-22 00:00:00,,,4831.3486328125,116874.0859375,,,
2025-08-22 04:00:00,3374.39990234375,,,,6466.91015625,63.65999984741211,
2025-08-23 00:00:00,,,4776.09033203125,115374.328125,,,
2025-08-24 00:00:00,,,4779.6474609375,113458.4296875,,,
2025-08-24 23:00:00,,1.1709601879119873,,,,,147.21499633789062
2025-08-25 00:00:00,,,4372.98779296875,110124.3515625,,,
2025-08-25 04:00:00,3373.800048828125,,,,6439.31982421875,64.80000305175781,
2025-08-25 23:00:00,,1.1618449687957764,,,,,147.82200622558594
2025-08-26 00:00:00,,,4600.4267578125,111802.65625,,,
2025-08-26 04:00:00,3388.60009765625,,,,6465.93994140625,63.25,
2025-08-26 23:00:00,,1.1639411449432373,,,,,147.46200561523438
2025-08-27 00:00:00,,,4503.39306640625,111222.0625,,,
2025-08-27 04:00:00,3404.60009765625,,,,6481.39990234375,64.1500015258789,
2025-08-27 23:00:00,,1.1647952795028687,,,,,147.3159942626953
2025-08-28 00:00:00,,,4507.177734375,112544.8046875,,,
2025-08-28 04:00:00,3431.800048828125,,,,6501.85986328125,64.5999984741211,
2025-08-28 23:00:00,,1.1681560277938843,,,,,146.7899932861328
2025-08-29 00:00:00,,,4360.15283203125,108410.8359375,,,
2025-08-29 04:00:00,3473.699951171875,,,,6460.259765625,64.01000213623047,
2025-08-30 00:00:00,,,4374.1533203125,108808.0703125,,,
2025-08-31 00:00:00,,,4390.01904296875,108236.7109375,,,
2025-08-31 23:00:00,,1.1691803932189941,,,,,147.0970001220703
2025-09-01 00:00:00,,,4314.47021484375,109250.59375,,,
2025-09-01 23:00:00,,1.1715912818908691,,,,,147.08399963378906
2025-09-02 00:00:00,,,4325.36572265625,111200.5859375,,,
2025-09-02 04:00:00,3549.39990234375,,,,6415.5400390625,65.58999633789062,
2025-09-02 23:00:00,,1.163602590560913,,,,,148.54800415039062
2025-09-03 00:00:00,,,4450.38916015625,111723.2109375,,,
2025-09-03 04:00:00,3593.199951171875,,,,6448.259765625,63.970001220703125,
2025-09-03 23:00:00,,1.16604483127594,,,,,147.97999572753906
2025-09-04 00:00:00,,,4298.744140625,110723.6015625,,,
2025-09-04 04:00:00,3565.800048828125,,,,6502.080078125,63.47999954223633,
2025-09-04 23:00:00,,1.1656913757324219,,,,,148.375
2025-09-05 00:00:00,,,4306.98876953125,110650.984375,,,
2025-09-05 04:00:00,3613.199951171875,,,,6481.5,61.869998931884766,
2025-09-06 00:00:00,,,4274.2421875,110224.6953125,,,
2025-09-07 00:00:00,,,4305.34765625,111167.6171875,,,
2025-09-07 23:00:00,,1.1713168621063232,,,,,148.343994140625
2025-09-08 00:00:00,,,4308.072265625,112071.4296875,,,
2025-09-08 04:00:00,3638.10009765625,,,,6495.14990234375,62.2599983215332,
2025-09-08 23:00:00,,1.1769136190414429,,,,,147.36399841308594
2025-09-09 00:00:00,,,4309.04150390625,111530.546875,,,
2025-09-09 04:00:00,3643.300048828125,,,,6512.60986328125,62.630001068115234,
2025-09-09 23:00:00,,1.1702749729156494,,,,,147.39199829101562
2025-09-10 00:00:00,,,4349.14599609375,113955.359375,,,
2025-09-10 04:00:00,3643.60009765625,,,,6532.0400390625,63.66999816894531,
2025-09-10 23:00:00,,1.1703435182571411,,,,,147.33200073242188
2025-09-11 00:00:00,,,4461.2333984375,115507.5390625,,,
2025-09-11 04:00:00,3636.89990234375,,,,6587.47021484375,62.369998931884766,
2025-09-11 23:00:00,,1.1734747886657715,,,,,147.2239990234375
2025-09-12 00:00:00,,,4715.24609375,116101.578125,,,
2025-09-12 04:00:00,3649.39990234375,,,,6584.2900390625,62.689998626708984,
2025-09-13 00:00:00,,,4668.1796875,115950.5078125,,,
2025-09-14 00:00:00,,,4609.59765625,115407.65625,,,
2025-09-14 23:00:00,,1.1726491451263428,,,,,147.66600036621094
2025-09-15 00:00:00,,,4526.8203125,115444.875,,,
2025-09-15 04:00:00,3682.199951171875,,,,6615.27978515625,63.29999923706055,
2025-09-15 23:00:00,,1.1763737201690674,,,,,147.40499877929688
2025-09-16 00:00:00,,,4503.564453125,116843.1875,,,
2025-09-16 04:00:00,3688.89990234375,,,,6606.759765625,64.5199966430664,
2025-09-16 23:00:00,,1.1871408224105835,,,,,146.41299438476562
2025-09-17 00:00:00,,,4592.7333984375,116468.5078125,,,
2025-09-17 04:00:00,3681.800048828125,,,,6600.35009765625,64.05000305175781,
2025-09-17 23:00:00,,1.1826341152191162,,,,,146.89100646972656
2025-09-18 00:00:00,,,4589.9189453125,117137.203125,,,
2025-09-18 04:00:00,3643.699951171875,,,,6631.9599609375,63.56999969482422,
2025-09-18 23:00:00,,1.1791062355041504,,,,,147.94700622558594
2025-09-19 00:00:00,,,4470.9169921875,115688.859375,,,
2025-09-19 04:00:00,3671.5,,,,6664.35986328125,62.68000030517578,
2025-09-20 00:00:00,,,4482.265625,115721.9609375,,,
2025-09-21 00:00:00,,,4451.3291015625,115306.09375,,,
2025-09-21 23:00:00,,1.1736950874328613,,,,,148.09500122070312
2025-09-22 00:00:00,,,4202.87744140625,112748.5078125,,,
2025-09-22 04:00:00,3740.699951171875,,,,6693.75,62.63999938964844,
2025-09-22 23:00:00,,1.1801080703735352,,,,,147.72500610351562
2025-09-23 00:00:00,,,4165.50390625,112014.5,,,
2025-09-23 04:00:00,3780.60009765625,,,,6656.919921875,63.40999984741211,
2025-09-23 23:00:00,,1.1814465522766113,,,,,147.61300659179688
2025-09-24 00:00:00,,,4153.46923828125,113328.6328125,,,
2025-09-24 04:00:00,3732.10009765625,,,,6637.97021484375,64.98999786376953,
2025-09-24 23:00:00,,1.1744670867919922,,,,,148.75100708007812
2025-09-25 00:00:00,,,3868.333984375,109049.2890625,,,
2025-09-25 04:00:00,3736.89990234375,,,,6604.72021484375,64.9800033569336,
2025-09-25 23:00:00,,1.166275978088379,,,,,149.86099243164062
2025-09-26 00:00:00,,,4035.887939453125,109712.828125,,,
2025-09-26 04:00:00,3775.300048828125,,,,6643.7001953125,65.72000122070312,
2025-09-27 00:00:00,,,4018.658203125,109681.9453125,,,
2025-09-28 00:00:00,,,4141.4765625,112122.640625,,,
2025-09-28 23:00:00,,1.170823097229004,,,,,149.40499877929688
2025-09-29 00:00:00,,,4217.341796875,114400.3828125,,,
2025-09-29 04:00:00,3820.89990234375,,,,6661.2099609375,63.45000076293945,
2025-09-29 23:00:00,,1.1731443405151367,,,,,148.59500122070312
2025-09-30 00:00:00,,,4145.95751953125,114056.0859375,,,
2025-09-30 04:00:00,3840.800048828125,,,,6688.4599609375,62.369998931884766,
2025-09-30 23:00:00,,1.1735849380493164,,,,,147.9969940185547
2025-10-01 00:00:00,,,4351.1123046875,118648.9296875,,,
2025-10-01 04:00:00,3867.5,,,,6711.2001953125,61.779998779296875,
2025-10-01 23:00:00,,1.1734058856964111,,,,,147.08299255371094
2025-10-02 00:00:00,,,4487.923828125,120681.2578125,,,
2025-10-02 04:00:00,3839.699951171875,,,,6715.35009765625,60.47999954223633,
2025-10-02 23:00:00,,1.1725116968154907,,,,,147.14999389648438
2025-10-03 00:00:00,,,4514.87060546875,122266.53125,,,
2025-10-03 04:00:00,3880.800048828125,,,,6715.7900390625,60.880001068115234,
2025-10-04 00:00:00,,,4489.197265625,122425.4296875,,,
2025-10-05 00:00:00,,,4515.4228515625,123513.4765625,,,
2025-10-05 23:00:00,,1.171248197555542,,,,,149.6060028076172
2025-10-06 00:00:00,,,4687.771484375,124752.53125,,,
2025-10-06 04:00:00,3948.5,,,,6740.27978515625,61.689998626708984,
2025-10-06 23:00:00,,1.171028733253479,,,,,150.33099365234375
2025-10-07 00:00:00,,,4451.15185546875,121451.3828125,,,
2025-10-07 04:00:00,3976.60009765625,,,,6714.58984375,61.72999954223633,
2025-10-07 23:00:00,,1.1654603481292725,,,,,152.05099487304688
2025-10-08 00:00:00,,,4527.64794921875,123354.8671875,,,
2025-10-08 04:00:00,4043.300048828125,,,,6753.72021484375,62.54999923706055,
2025-10-08 23:00:00,,1.1631964445114136,,,,,152.67999267578125
2025-10-09 00:00:00,,,4369.1435546875,121705.5859375,,,
2025-10-09 04:00:00,3946.300048828125,,,,6735.10986328125,61.5099983215332,
2025-10-09 23:00:00,,1.156644344329834,,,,,152.96499633789062
2025-10-10 00:00:00,,,3843.0087890625,113214.3671875,,,
2025-10-10 04:00:00,3975.89990234375,,,,6552.509765625,58.900001525878906,
2025-10-11 00:00:00,,,3750.611572265625,110807.8828125,,,
2025-10-12 00:00:00,,,4164.427734375,115169.765625,,,
2025-10-12 23:00:00,,1.160240888595581,,,,,152.05599975585938
2025-10-13 00:00:00,,,4245.4677734375,115271.078125,,,
2025-10-13 04:00:00,4108.60009765625,,,,6654.72021484375,59.4900016784668,
2025-10-13 23:00:00,,1.1566845178604126,,,,,152.4340057373047
2025-10-14 00:00:00,,,4125.412109375,113118.6640625,,,
2025-10-14 04:00:00,4138.7001953125,,,,6644.31005859375,58.70000076293945,
2025-10-14 23:00:00,,1.1602274179458618,,,,,151.7310028076172
2025-10-15 00:00:00,,,3987.45947265625,110783.1640625,,,
2025-10-15 04:00:00,4176.89990234375,,,,6671.06005859375,58.27000045776367,
2025-10-15 23:00:00,,1.1646324396133423,,,,,150.9739990234375
2025-10-16 00:00:00,,,3894.75439453125,108186.0390625,,,
2025-10-16 04:00:00,4280.2001953125,,,,6629.06982421875,57.459999084472656,
2025-10-16 23:00:00,,1.1699601411819458,,,,,150.1199951171875
2025-10-17 00:00:00,,,3832.558837890625,106467.7890625,,,
2025-10-17 04:00:00,4189.89990234375,,,,6664.009765625,57.540000915527344,
2025-10-18 00:00:00,,,3890.34619140625,107198.265625,,,
2025-10-19 00:00:00,,,3984.649658203125,108666.7109375,,,
2025-10-19 23:00:00,,1.165745735168457,,,,,150.89999389648438
2025-10-20 00:00:00,,,3980.76025390625,110588.9296875,,,
2025-10-20 04:00:00,4336.39990234375,,,,6735.1298828125,57.52000045776367,
2025-10-20 23:00:00,,1.164442539215088,,,,,150.7740020751953
2025-10-21 00:00:00,,,3876.76416015625,108476.890625,,,
2025-10-21 04:00:00,4087.699951171875,,,,6735.35009765625,57.81999969482422,
2025-10-21 23:00:00,,1.160038948059082,,,,,151.89300537109375
2025-10-22 00:00:00,,,3808.122314453125,107688.5859375,,,
2025-10-22 04:00:00,4044.39990234375,,,,6699.39990234375,58.5,
2025-10-22 23:00:00,,1.1608469486236572,,,,,151.95399475097656
2025-10-23 00:00:00,,,3856.0263671875,110069.7265625,,,
2025-10-23 04:00:00,4125.5,,,,6738.43994140625,61.790000915527344,
2025-10-23 23:00:00,,1.1618045568466187,,,,,152.6020050048828
2025-10-24 00:00:00,,,3934.5673828125,111033.921875,,,
2025-10-24 04:00:00,4118.39990234375,,,,6791.68994140625,61.5,
2025-10-25 00:00:00,,,3953.470947265625,111641.7265625,,,
2025-10-26 00:00:00,,,4157.9892578125,114472.4453125,,,
2025-10-27 00:00:00,,1.1631693840026855,4120.1220703125,114119.328125,,,153.06100463867188
2025-10-27 04:00:00,4001.89990234375,,,,6875.16015625,61.310001373291016,
2025-10-28 00:00:00,,1.165175199508667,3982.262451171875,112956.1640625,,,152.69200134277344
2025-10-28 04:00:00,3966.199951171875,,,,6890.89013671875,60.150001525878906,
2025-10-29 00:00:00,,1.1657865047454834,3903.35302734375,110055.3046875,,,151.7310028076172
2025-10-29 04:00:00,3983.699951171875,,,,6890.58984375,60.47999954223633,
2025-10-30 00:00:00,,1.1603351831436157,3804.375244140625,108305.546875,,,152.7220001220703
2025-10-30 04:00:00,4001.300048828125,,,,6822.33984375,60.56999969482422,
2025-10-31 00:00:00,,1.157246708869934,3847.080322265625,109556.1640625,,,153.89999389648438
2025-10-31 04:00:00,3982.199951171875,,,,6840.2001953125,60.97999954223633,
2025-11-01 00:00:00,,,3874.18798828125,110064.015625,,,
2025-11-02 00:00:00,,,3911.063232421875,110639.625,,,
2025-11-03 00:00:00,,1.1528042554855347,3602.30810546875,106547.5234375,,,154.19500732421875
2025-11-03 05:00:00,4000.300048828125,,,,6851.97021484375,61.04999923706055,
2025-11-04 00:00:00,,1.1519144773483276,3292.574462890625,101590.5234375,,,154.20399475097656
2025-11-04 05:00:00,3947.699951171875,,,,6771.5498046875,60.560001373291016,
2025-11-05 00:00:00,,1.1485539674758911,3425.171142578125,103891.8359375,,,153.5570068359375
2025-11-05 05:00:00,3980.300048828125,,,,6796.2900390625,59.599998474121094,
2025-11-06 00:00:00,,1.1496764421463013,3312.2578125,101301.2890625,,,154.072998046875
2025-11-06 05:00:00,3979.89990234375,,,,6720.31982421875,59.43000030517578,
2025-11-07 00:00:00,,1.1549211740493774,3435.301025390625,103372.40625,,,152.947998046875
2025-11-07 05:00:00,3999.39990234375,,,,6728.7998046875,59.75,
2025-11-08 00:00:00,,,3400.3759765625,102282.1171875,,,
2025-11-09 00:00:00,,,3582.621337890625,104719.640625,,,
2025-11-10 00:00:00,,1.1543878316879272,3568.4599609375,105996.59375,,,153.81700134277344
2025-11-10 05:00:00,4111.7998046875,,,,6832.43017578125,60.130001068115234,
2025-11-11 00:00:00,,1.1557220220565796,3415.2822265625,102997.46875,,,154.14599609375
2025-11-11 05:00:00,4106.7998046875,,,,6846.60986328125,61.040000915527344,
2025-11-12 00:00:00,,1.1587486267089844,3413.09423828125,101663.1875,,,154.0749969482422
2025-11-12 05:00:00,4204.39990234375,,,,6850.919921875,58.4900016784668,
2025-11-13 00:00:00,,1.159218668937683,3232.757080078125,99697.4921875,,,154.71299743652344
2025-11-13 05:00:00,4186.89990234375,,,,6737.490234375,58.689998626708984,
2025-11-14 00:00:00,,1.1631964445114136,3103.78564453125,94397.7890625,,,154.63299560546875
2025-11-14 05:00:00,4087.60009765625,,,,6734.10986328125,60.09000015258789,
2025-11-15 00:00:00,,,3166.63134765625,95549.1484375,,,
2025-11-16 00:00:00,,,3092.847412109375,94177.078125,,,
2025-11-17 00:00:00,,1.1615345478057861,3024.538818359375,92093.875,,,154.5850067138672
2025-11-17 05:00:00,4068.300048828125,,,,6672.41015625,59.90999984741211,
2025-11-18 00:00:00,,1.159057378768921,3122.97900390625,92948.875,,,155.2729949951172
2025-11-18 05:00:00,4061.300048828125,,,,6617.31982421875,60.7400016784668,
2025-11-19 00:00:00,,1.1581177711486816,3023.07080078125,91465.9921875,,,155.54800415039062
2025-11-19 05:00:00,4077.699951171875,,,,6642.16015625,59.439998626708984,
2025-11-20 00:00:00,,1.154068112373352,2831.777587890625,86631.8984375,,,156.99200439453125
2025-11-20 05:00:00,4056.5,,,,6538.759765625,59.13999938964844,
2025-11-21 00:00:00,,1.1534557342529297,2765.69921875,85090.6875,,,157.36900329589844
2025-11-21 05:00:00,4076.699951171875,,,,6602.990234375,58.060001373291016,
2025-11-22 00:00:00,,,2767.607421875,84648.359375,,,
2025-11-23 00:00:00,,,2801.676025390625,86805.0078125,,,
2025-11-24 00:00:00,,1.1507612466812134,2952.71337890625,88270.5625,,,156.68800354003906
2025-11-24 05:00:00,4091.89990234375,,,,6705.1201171875,58.84000015258789,
2025-11-25 00:00:00,,1.1520073413848877,2957.936279296875,87341.890625,,,156.93899536132812
2025-11-25 05:00:00,4139.2001953125,,,,6765.8798828125,57.95000076293945,
2025-11-26 00:00:00,,1.156483769416809,3027.81201171875,90518.3671875,,,156.22999572753906
2025-11-26 05:00:00,4165.2001953125,,,,6812.60986328125,58.650001525878906,
2025-11-27 00:00:00,,1.1602139472961426,3014.542236328125,91285.375,,,156.23899841308594
2025-11-28 00:00:00,,1.1599851846694946,3032.304443359375,90919.265625,,,156.28399658203125
2025-11-28 05:00:00,4218.2998046875,,,,6849.08984375,58.54999923706055,
2025-11-29 00:00:00,,,2991.685302734375,90851.7578125,,,
2025-11-30 00:00:00,,,2992.112548828125,90394.3125,,,
2025-12-01 00:00:00,,1.1601465940475464,2800.18896484375,86321.5703125,,,155.92799377441406
2025-12-01 05:00:00,4239.2998046875,,,,6812.6298828125,59.31999969482422,
2025-12-02 00:00:00,,1.1607661247253418,2997.939697265625,91350.203125,,,155.5570068359375
2025-12-02 05:00:00,4186.60009765625,,,,6829.3701171875,58.63999938964844,
2025-12-03 00:00:00,,1.1627906560897827,3191.57177734375,93527.8046875,,,155.8070068359375
2025-12-03 05:00:00,4199.2998046875,,,,6849.72021484375,58.95000076293945,
2025-12-04 00:00:00,,1.1666841506958008,3134.31640625,92141.625,,,155.10699462890625
2025-12-04 05:00:00,4211.7998046875,,,,6857.1201171875,59.66999816894531,
2025-12-05 00:00:00,,1.1642799377441406,3024.432861328125,89387.7578125,,,155.14199829101562
2025-12-05 05:00:00,4212.89990234375,,,,6870.39990234375,60.08000183105469,
2025-12-06 00:00:00,,,3040.207763671875,89272.375,,,
2025-12-07 00:00:00,,,3061.3017578125,90405.640625,,,
2025-12-08 00:00:00,,1.164022445678711,3125.197998046875,90640.203125,,,155.33999633789062
2025-12-08 05:00:00,4187.2001953125,,,,6846.509765625,58.880001068115234,
2025-12-09 00:00:00,,1.1641442775726318,3321.114990234375,92691.7109375,,,155.843994140625
2025-12-09 05:00:00,4206.7001953125,,,,6840.509765625,58.25,
2025-12-10 00:00:00,,1.1628313064575195,3325.39013671875,92020.9453125,,,156.83799743652344
2025-12-10 05:00:00,4196.39990234375,,,,6886.68017578125,58.459999084472656,
2025-12-11 00:00:00,,1.1701242923736572,3237.056884765625,92511.3359375,,,155.7899932861328
2025-12-11 05:00:00,4285.5,,,,6901.0,57.599998474121094,
2025-12-12 00:00:00,,1.1739431619644165,3084.172607421875,90270.4140625,,,155.56700134277344
2025-12-12 05:00:00,4300.10009765625,,,,6827.41015625,57.439998626708984,
2025-12-13 00:00:00,,,3116.6953125,90298.7109375,,,
2025-12-14 00:00:00,,,3060.5947265625,88175.1796875,,,
2025-12-15 00:00:00,,1.1737639904022217,2964.18310546875,86419.78125,,,155.88800048828125
2025-12-15 05:00:00,4306.7001953125,,,,6816.509765625,56.81999969482422,
2025-12-16 00:00:00,,1.1754610538482666,2964.180908203125,87843.984375,,,155.01499938964844
2025-12-16 05:00:00,4304.5,,,,6800.259765625,55.27000045776367,
2025-12-17 00:00:00,,1.1749500036239624,2831.403564453125,86143.7578125,,,154.7779998779297
2025-12-17 05:00:00,4347.5,,,,6721.43017578125,55.939998626708984,
2025-12-18 00:00:00,,1.1742326021194458,2827.069091796875,85462.5078125,,,155.4949951171875
2025-12-18 05:00:00,4339.5,,,,6774.759765625,56.150001525878906,
2025-12-19 00:00:00,,1.1725666522979736,2977.970703125,88103.3828125,,,155.58599853515625
2025-12-19 05:00:00,4361.39990234375,,,,6834.5,56.65999984741211,
2025-12-20 00:00:00,,,2977.58251953125,88344.0,,,
2025-12-21 00:00:00,,,3001.61376953125,88621.75,,,
2025-12-22 00:00:00,,1.1708093881607056,3006.07373046875,88490.015625,,,157.67599487304688
2025-12-22 05:00:00,4444.60009765625,,,,6878.490234375,58.0099983215332,
2025-12-23 00:00:00,,1.1765950918197632,2963.3740234375,87414.0,,,156.8769989013672
2025-12-23 05:00:00,4482.7998046875,,,,6909.7900390625,58.380001068115234,
2025-12-24 00:00:00,,1.179551362991333,2945.590576171875,87611.9609375,,,156.17599487304688
2025-12-24 05:00:00,4480.60009765625,,,,6932.0498046875,58.349998474121094,
2025-12-25 00:00:00,,,2903.57958984375,87234.7421875,,,
2025-12-26 00:00:00,,1.1785364151000977,2925.74560546875,87301.4296875,,,156.08999633789062
2025-12-26 05:00:00,4529.10009765625,,,,6929.93994140625,56.7400016784668,
2025-12-27 00:00:00,,,2947.998291015625,87802.15625,,,
2025-12-28 00:00:00,,,2948.568115234375,87835.8359375,,,
2025-12-29 00:00:00,,1.1772738695144653,2934.538330078125,87138.140625,,,156.46299743652344
2025-12-29 05:00:00,4325.10009765625,,,,6905.740234375,58.08000183105469,
2025-12-30 00:00:00,,1.1772878170013428,2971.416748046875,88430.1328125,,,156.01300048828125
2025-12-30 05:00:00,4370.10009765625,,,,6896.240234375,57.95000076293945,
2025-12-31 00:00:00,,1.1747292280197144,2967.03759765625,87508.828125,,,156.41299438476562
2025-12-31 05:00:00,4325.60009765625,,,,6845.5,57.41999816894531,
2026-01-01 00:00:00,,,3000.394287109375,88731.984375,,,
2026-01-02 00:00:00,,1.175046682357788,3124.422607421875,89944.6953125,,,156.7310028076172
2026-01-02 05:00:00,4314.39990234375,,,,6858.47021484375,57.31999969482422,
2026-01-03 00:00:00,,,3125.91748046875,90603.1875,,,
2026-01-04 00:00:00,,,3140.71044921875,91413.4921875,,,
2026-01-05 00:00:00,,1.1704667806625366,3226.13037109375,93882.5546875,,,156.98899841308594
2026-01-05 05:00:00,4436.89990234375,,,,6902.0498046875,58.31999969482422,
2026-01-06 00:00:00,,1.1714951992034912,3295.94677734375,93729.03125,,,156.62600708007812
2026-01-06 05:00:00,4482.2001953125,,,,6944.81982421875,57.130001068115234,
2026-01-07 00:00:00,,1.1688251495361328,3166.843994140625,91308.0546875,,,156.67999267578125
2026-01-07 05:00:00,4449.2998046875,,,,6920.93017578125,55.9900016784668,
2026-01-08 00:00:00,,1.1676785945892334,3104.382568359375,91027.125,,,156.7310028076172
2026-01-08 05:00:00,4449.7001953125,,,,6921.4599609375,57.7599983215332,
2026-01-09 00:00:00,,1.1657865047454834,3083.047119140625,90513.1015625,,,156.8800048828125
2026-01-09 05:00:00,4490.2998046875,,,,6966.27978515625,59.119998931884766,
2026-01-10 00:00:00,,,3082.39599609375,90386.6484375,,,
2026-01-11 00:00:00,,,3118.88525390625,90827.4609375,,,
2026-01-12 00:00:00,,1.1623716354370117,3092.3251953125,91192.9921875,,,158.1490020751953
2026-01-12 05:00:00,4604.2998046875,,,,6977.27001953125,59.5,
2026-01-13 00:00:00,,1.1666978597640991,3322.095458984375,95321.78125,,,157.98599243164062
2026-01-13 05:00:00,4589.2001953125,,,,6963.740234375,61.150001525878906,
2026-01-14 00:00:00,,1.164252758026123,3354.72265625,96929.328125,,,159.1790008544922
2026-01-14 05:00:00,4626.2998046875,,,,6926.60009765625,62.02000045776367,
2026-01-15 00:00:00,,1.1646324396133423,3317.101318359375,95551.1875,,,158.40199279785156
2026-01-15 05:00:00,4616.2998046875,,,,6944.47021484375,59.189998626708984,
2026-01-16 00:00:00,,1.1609008312225342,3295.482177734375,95525.1171875,,,158.5959930419922
2026-01-16 05:00:00,4588.39990234375,,,,6940.009765625,59.439998626708984,
2026-01-17 00:00:00,,,3308.8642578125,95099.921875,,,
2026-01-18 00:00:00,,,3281.15771484375,93634.4296875,,,
2026-01-19 00:00:00,,1.162493348121643,3186.62109375,92553.59375,,,157.53500366210938
2026-01-20 00:00:00,,1.1639139652252197,2935.605712890625,88310.90625,,,158.177001953125
2026-01-20 05:00:00,4759.60009765625,,,,6796.85986328125,60.34000015258789,
2026-01-21 00:00:00,,1.1727865934371948,2978.901123046875,89376.9609375,,,158.16200256347656
2026-01-21 05:00:00,4831.7998046875,,,,6875.6201171875,60.619998931884766,
2026-01-22 00:00:00,,1.1672970056533813,2949.63330078125,89462.453125,,,158.45599365234375
2026-01-22 05:00:00,4908.7998046875,,,,6913.35009765625,59.36000061035156,
2026-01-23 00:00:00,,1.1754610538482666,2953.25634765625,89503.875,,,158.50100708007812
2026-01-23 05:00:00,4976.2001953125,,,,6915.60986328125,61.06999969482422,
2026-01-24 00:00:00,,,2948.74072265625,89110.734375,,,
2026-01-25 00:00:00,,,2815.90234375,86572.21875,,,
2026-01-26 00:00:00,,1.1858457326889038,2926.45703125,88267.140625,,,155.16600036621094
2026-01-26 05:00:00,5079.7001953125,,,,6950.22998046875,60.630001068115234,
2026-01-27 00:00:00,,1.1876484155654907,3022.2109375,89102.5703125,,,154.33599853515625
2026-01-27 05:00:00,5079.89990234375,,,,6978.60009765625,62.38999938964844,
2026-01-28 00:00:00,,1.2017642259597778,3006.607421875,89184.5703125,,,152.4530029296875
2026-01-28 05:00:00,5301.60009765625,,,,6978.02978515625,63.209999084472656,
2026-01-29 00:00:00,,1.1977769136428833,2818.232666015625,84561.5859375,,,153.0959930419922
2026-01-29 05:00:00,5318.39990234375,,,,6969.009765625,65.41999816894531,
2026-01-30 00:00:00,,1.19657301902771,2702.375244140625,84128.65625,,,153.16200256347656
2026-01-30 05:00:00,4713.89990234375,,,,6939.02978515625,65.20999908447266,
2026-01-31 00:00:00,,,2445.091796875,78621.1171875,,,
2026-02-01 00:00:00,,,2267.96484375,76974.4453125,,,
2026-02-02 00:00:00,,1.1849182844161987,2344.356689453125,78688.765625,,,155.20199584960938
2026-02-02 05:00:00,4622.5,,,,6976.43994140625,62.13999938964844,
2026-02-03 00:00:00,,1.1798714399337769,2227.558837890625,75633.546875,,,155.4429931640625
2026-02-03 05:00:00,4903.7001953125,,,,6917.81005859375,63.209999084472656,
2026-02-04 00:00:00,,1.1816140413284302,2143.504150390625,73019.703125,,,155.7989959716797
2026-02-04 05:00:00,4920.39990234375,,,,6882.72021484375,65.13999938964844,
2026-02-05 00:00:00,,1.180163860321045,1821.68310546875,62702.09765625,,,156.91700744628906
2026-02-05 05:00:00,4861.39990234375,,,,6798.39990234375,63.290000915527344,
2026-02-06 00:00:00,,1.177786946296692,2063.386962890625,70555.390625,,,156.78399658203125
2026-02-06 05:00:00,4951.2001953125,,,,6932.2998046875,63.54999923706055,
2026-02-07 00:00:00,,,2090.54931640625,69281.96875,,,
2026-02-08 00:00:00,,,2088.762939453125,70264.7265625,,,
2026-02-09 00:00:00,,1.182578206062317,2103.567626953125,70120.78125,,,157.24400329589844
2026-02-09 05:00:00,5050.89990234375,,,,6964.81982421875,64.36000061035156,
2026-02-10 00:00:00,,1.1904053688049316,2019.4974365234375,68793.9609375,,,156.1320037841797
2026-02-10 05:00:00,5003.7998046875,,,,6941.81005859375,63.959999084472656,
2026-02-11 00:00:00,,1.1889617443084717,1940.621337890625,66991.96875,,,154.48199462890625
2026-02-11 05:00:00,5071.60009765625,,,,6941.47021484375,64.62999725341797,
2026-02-12 00:00:00,,1.1876062154769897,1946.940673828125,66221.84375,,,153.2689971923828
2026-02-12 05:00:00,4923.7001953125,,,,6832.759765625,62.84000015258789,
2026-02-13 00:00:00,,1.1868449449539185,2048.52734375,68857.84375,,,152.8209991455078
2026-02-13 05:00:00,5022.0,,,,6836.169921875,62.88999938964844,
2026-02-14 00:00:00,,,2086.009765625,69767.625,,,
2026-02-15 00:00:00,,,1966.04296875,68788.1875,,,
2026-02-16 00:00:00,,1.1867464780807495,1997.917724609375,68843.15625,,,152.7790069580078
2026-02-17 00:00:00,,1.1849884986877441,1992.1943359375,67494.21875,,,153.60899353027344
2026-02-17 05:00:00,4882.89990234375,,,,6843.22021484375,62.33000183105469,
2026-02-18 00:00:00,,1.185185194015503,1953.97412109375,66425.3203125,,,153.1490020751953
2026-02-18 05:00:00,4986.5,,,,6881.31005859375,65.19000244140625,
2026-02-19 00:00:00,,1.1788839101791382,1948.2010498046875,66957.5234375,,,154.6929931640625
2026-02-19 05:00:00,4975.89990234375,,,,6861.89013671875,66.43000030517578,
2026-02-20 00:00:00,,1.1769136190414429,1969.0223388671875,68005.421875,,,155.16000366210938
2026-02-20 05:00:00,5059.2998046875,,,,6909.509765625,66.38999938964844,
2026-02-21 00:00:00,,,1973.7371826171875,68003.765625,,,
2026-02-22 00:00:00,,,1957.805908203125,67659.390625,,,
2026-02-23 00:00:00,,1.1834739446640015,1855.5028076171875,64616.73828125,,,154.33900451660156
2026-02-23 05:00:00,5204.7001953125,,,,6837.75,66.30999755859375,
2026-02-24 00:00:00,,1.1793843507766724,1852.969482421875,64080.04296875,,,154.63499450683594
2026-02-24 05:00:00,5155.7998046875,,,,6890.06982421875,65.62999725341797,
2026-02-25 00:00:00,,1.1775233745574951,2054.6279296875,67960.125,,,155.8800048828125
2026-02-25 05:00:00,5206.39990234375,,,,6946.1298828125,65.41999816894531,
2026-02-26 00:00:00,,1.181516408920288,2026.7926025390625,67453.7734375,,,156.1999969482422
2026-02-26 05:00:00,5176.5,,,,6908.85986328125,65.20999908447266,
2026-02-27 00:00:00,,1.1803030967712402,1930.7618408203125,65881.796875,,,155.85899353027344
2026-02-27 05:00:00,5230.5,,,,6878.8798828125,67.0199966430664,
2026-02-28 00:00:00,,,1965.050537109375,66995.859375,,,
2026-03-01 00:00:00,,,1939.066650390625,65738.1015625,,,
2026-03-02 00:00:00,,1.1759449243545532,2027.2689208984375,68775.8515625,,,156.63299560546875
2026-03-02 05:00:00,5294.39990234375,,,,6881.6201171875,71.2300033569336,
2026-03-03 00:00:00,,1.1697274446487427,1982.7689208984375,68293.6484375,,,157.2570037841797
2026-03-03 05:00:00,5107.39990234375,,,,6816.6298828125,74.55999755859375,
2026-03-04 00:00:00,,1.161224365234375,2126.50537109375,72710.578125,,,157.7729949951172
2026-03-04 05:00:00,5120.2001953125,,,,6869.5,74.66000366210938,
2026-03-05 00:00:00,,1.1635618209838867,2071.60546875,70841.125,,,156.98300170898438
2026-03-05 05:00:00,5065.2998046875,,,,6830.7099609375,81.01000213623047,
2026-03-06 00:00:00,,1.1608065366744995,1978.751220703125,68136.4921875,,,157.53399658203125
2026-03-06 05:00:00,5146.10009765625,,,,6740.02001953125,90.9000015258789,
2026-03-07 00:00:00,,,1969.4554443359375,67272.59375,,,
2026-03-08 00:00:00,,,1936.604736328125,65969.78125,,,
2026-03-09 00:00:00,,1.152325987815857,1992.938232421875,68402.3828125,,,158.427001953125
2026-03-09 04:00:00,5091.5,,,,6795.990234375,94.7699966430664,
2026-03-10 00:00:00,,1.1617234945297241,2037.1204833984375,69926.921875,,,157.84800720214844
2026-03-10 04:00:00,5229.7001953125,,,,6781.47998046875,83.44999694824219,
2026-03-11 00:00:00,,1.1611299514770508,2051.5732421875,70204.8828125,,,158.11399841308594
2026-03-11 04:00:00,5167.39990234375,,,,6775.7998046875,87.25,
2026-03-12 00:00:00,,1.1543211936950684,2073.13623046875,70493.4609375,,,159.0749969482422
2026-03-12 04:00:00,5115.7998046875,,,,6672.6201171875,95.7300033569336,
2026-03-13 00:00:00,,1.1521666049957275,2092.5634765625,70968.265625,,,159.20599365234375
2026-03-13 04:00:00,5052.5,,,,6632.18994140625,98.70999908447266,
2026-03-14 00:00:00,,,2097.086669921875,71214.625,,,
2026-03-15 00:00:00,,,2177.476318359375,72789.9140625,,,
2026-03-16 00:00:00,,1.1435105800628662,2351.176025390625,74861.0859375,,,159.5679931640625
2026-03-16 04:00:00,4994.0,,,,6699.3798828125,93.5,
2026-03-17 00:00:00,,1.1499539613723755,2318.053466796875,73922.4765625,,,159.10499572753906
2026-03-17 04:00:00,5001.0,,,,6716.08984375,96.20999908447266,
2026-03-18 00:00:00,,1.153948187828064,2203.671630859375,71245.578125,,,158.88900756835938
2026-03-18 04:00:00,4889.89990234375,,,,6624.7001953125,96.31999969482422,
2026-03-19 00:00:00,,1.1464471817016602,2137.423828125,69912.7890625,,,159.7949981689453
2026-03-19 04:00:00,4600.7001953125,,,,6606.490234375,96.13999938964844,
2026-03-20 00:00:00,,1.157755732536316,2146.4970703125,70522.5859375,,,157.9239959716797
2026-03-20 04:00:00,4570.39990234375,,,,6506.47998046875,98.31999969482422,
2026-03-21 00:00:00,,,2076.68994140625,68711.5234375,,,
2026-03-22 00:00:00,,,2053.04833984375,67845.2109375,,,
2026-03-23 00:00:00,,1.1560158729553223,2152.14599609375,70914.859375,,,159.23399353027344
2026-03-23 04:00:00,4404.10009765625,,,,6581.0,88.12999725341797,
2026-03-24 00:00:00,,1.1607122421264648,2155.704345703125,70517.859375,,,158.47900390625
2026-03-24 04:00:00,4399.2998046875,,,,6556.3701171875,92.3499984741211,
2026-03-25 00:00:00,,1.16146719455719,2168.021484375,71309.8828125,,,158.71800231933594
2026-03-25 04:00:00,4549.7998046875,,,,6591.89990234375,90.31999969482422,
2026-03-26 00:00:00,,1.1561496257781982,2059.578369140625,68791.625,,,159.38400268554688
2026-03-26 04:00:00,4375.5,,,,6477.16015625,94.4800033569336,
2026-03-27 00:00:00,,1.1535090208053589,1991.27197265625,66338.375,,,159.70399475097656
2026-03-27 04:00:00,4492.0,,,,6368.85009765625,99.63999938964844,
2026-03-28 00:00:00,,,1992.694580078125,66319.6953125,,,
2026-03-29 00:00:00,,,1982.5596923828125,65954.921875,,,
2026-03-29 23:00:00,,1.149200677871704,,,,,160.23399353027344
2026-03-30 00:00:00,,,2023.514892578125,66691.4453125,,,
2026-03-30 04:00:00,4526.0,,,,6343.72021484375,102.87999725341797,
2026-03-30 23:00:00,,1.1460003852844238,,,,,159.84100341796875
2026-03-31 00:00:00,,,2104.708251953125,68233.3125,,,
2026-03-31 04:00:00,4647.60009765625,,,,6528.52001953125,101.37999725341797,
2026-03-31 23:00:00,,1.1574207544326782,,,,,158.57899475097656
2026-04-01 00:00:00,,,2138.737060546875,68078.5546875,,,
2026-04-01 04:00:00,4783.2001953125,,,,6575.31982421875,100.12000274658203,
2026-04-01 23:00:00,,1.159057378768921,,,,,158.68800354003906
2026-04-02 00:00:00,,,2056.8525390625,66888.5703125,,,
2026-04-02 04:00:00,4651.5,,,,6582.68994140625,111.54000091552734,
2026-04-02 23:00:00,,1.1541746854782104,,,,,159.49099731445312
2026-04-03 00:00:00,,,2053.38525390625,66931.1015625,,,
2026-04-04 00:00:00,,,2065.3515625,67290.515625,,,
2026-04-05 00:00:00,,,2108.99560546875,68981.8984375,,,
2026-04-05 23:00:00,,1.150999665260315,,,,,159.77999877929688
2026-04-06 00:00:00,,,2107.761474609375,68859.828125,,,
2026-04-06 04:00:00,4656.7998046875,,,,6611.830078125,112.41000366210938,
2026-04-06 23:00:00,,1.1541212797164917,,,,,159.68299865722656
2026-04-07 00:00:00,,,2241.806640625,71940.703125,,,
2026-04-07 04:00:00,4657.10009765625,,,,6616.85009765625,112.94999694824219,
2026-04-07 23:00:00,,1.1686612367630005,,,,,158.71600341796875
2026-04-08 00:00:00,,,2190.33544921875,71123.359375,,,
2026-04-08 04:00:00,4749.5,,,,6782.81005859375,94.41000366210938,
2026-04-08 23:00:00,,1.16593599319458,,,,,158.64199829101562
2026-04-09 00:00:00,,,2189.14404296875,71767.828125,,,
2026-04-09 04:00:00,4792.2001953125,,,,6824.66015625,97.87000274658203,
2026-04-09 23:00:00,,1.1728830337524414,,,,,159.2449951171875
2026-04-10 00:00:00,,,2242.191162109375,72896.640625,,,
2026-04-10 04:00:00,4771.0,,,,6816.89013671875,95.62999725341797,
